Workbook
Name \a: #REF!
Name aa: #REF!
Name asdf: #REF!
Name asdfasfd: #REF!
Name b: #REF!
Name BTV11_15: '[1]arbejds ark LARGE New'!$K$33
Name bvcxx: #REF!
Name bvcxxx: #REF!
Name BVT17_15: '[1]arbejds ark LARGE New'!$S$67
Name d: #REF!
Name ddd: #REF!
Name ddddd: #REF!
Name e: #REF!
Name Elpriser: #REF!
Name EUR__DKK: [2]KeyNH3!$D$34
Name EUR16tilEUR15: '[1]22 Photovoltaics LARGE Old'!$N$2
Name EUR2DKK: #REF!
Name eurusd_rate: [3]Input!$B$7
Name ewr: #REF!
Name f: #REF!
Name fds: #REF!
Name h: #REF!
Name Location: [4]ProjectData!$O$21:$O$74
Name qwer: #REF!
Name sadf: #REF!
Name Sheet: [5]Index!#REF!
Name sheet18: '[6]421 co2 pipeline'!$C$2
Name sheet19: '[6]422 co2 road transport'!$C$2
Name sheet2: #REF!
Name sheet20: '[6]423 co2 ship transport'!$C$2
Name sheet21: '[6]co2 terminals'!$C$2
Name Start10: #REF!
Name Start11: '[5]181 Vanadium Redox Flow Battery'!#REF!
Name Start12: #REF!
Name Start13: #REF!
Name Start14: #REF!
Name Start15: #REF!
Name Start16: #REF!
Name Start17: #REF!
Name Start18: #REF!
Name Start19: #REF!
Name Start2: '[5]140 PTES seasonal'!#REF!
Name Start20: #REF!
Name Start21: #REF!
Name Start22: #REF!
Name Start23: #REF!
Name Start24: #REF!
Name Start25: #REF!
Name Start26: #REF!
Name Start27: #REF!
Name Start28: #REF!
Name Start29: #REF!
Name Start3: '[7]141 Large hot water tank'!#REF!
Name Start30: #REF!
Name Start31: #REF!
Name Start32: #REF!
Name Start33: #REF!
Name Start34: #REF!
Name Start35: #REF!
Name Start36: #REF!

Sheet ★Unit Cost Projection
A1: Moon et al., 2025
A2: NREL 2023 data | C2: Future Cost = Base Cost × (1 + CAGR)^(Target Year - Base Year)
A3: DEA | K3: 11차 전기본과 sync
B4: Technology | C4: 2025 | G4: 2030 | K4: 2038 | O4: 2040 | S4: 2050
C5: CAPEX/ MCI (원/kW) | D5: Fixed O&M (FOM) (원/kW/yr) | E5: Variable O&M (VOM) (원/kWh) | F5: Fuel Cost (원/kWh) | G5: CAPEX/ MCI (원/kW) | H5: Fixed O&M (FOM) (원/kW/yr) | I5: Variable O&M (VOM) (원/kWh) | J5: Fuel Cost (원/kWh) | K5: CAPEX/ MCI (원/kW) | L5: Fixed O&M (FOM) (원/kW/yr) | M5: Variable O&M (VOM) (원/kWh) | N5: Fuel Cost (원/kWh) | O5: CAPEX/ MCI (원/kW) | P5: Fixed O&M (FOM) (원/kW/yr) | Q5: Variable O&M (VOM) (원/kWh) | R5: Fuel Cost (원/kWh) | S5: CAPEX/ MCI (원/kW) | T5: Fixed O&M (FOM) (원/kW/yr) | U5: Variable O&M (VOM) (원/kWh) | V5: Fuel Cost (원/kWh)
A6: Renewable | B6: Solar PV(< 100MW) | C6: ='[7]★Cost datasheet_v2'!E6*(1+'[7]★Cost datasheet_v2'!O6)^(2025-'[7]★Cost datasheet_v2'!$D6) -> 1374397.9 | D6: ='[7]★Cost datasheet_v2'!F6*(1+'[7]★Cost datasheet_v2'!P6)^(2025-'[7]★Cost datasheet_v2'!$D6) -> 33670.306 | E6: ='[7]★Cost datasheet_v2'!G6*(1+'[7]★Cost datasheet_v2'!Q6)^(2025-'[7]★Cost datasheet_v2'!$D6) -> #REF! | F6: ='[7]★Cost datasheet_v2'!H6*(1+'[7]★Cost datasheet_v2'!R6)^(2025-'[7]★Cost datasheet_v2'!$D6) -> #REF! | G6: ='[7]★Cost datasheet_v2'!E6*(1+'[7]★Cost datasheet_v2'!O6)^(2030-'[7]★Cost datasheet_v2'!$D6) -> 1192460 | H6: ='[7]★Cost datasheet_v2'!F6*(1+'[7]★Cost datasheet_v2'!P6)^(2030-'[7]★Cost datasheet_v2'!$D6) -> 29849.06 | I6: ='[7]★Cost datasheet_v2'!G6*(1+'[7]★Cost datasheet_v2'!Q6)^(2030-'[7]★Cost datasheet_v2'!$D6) -> #REF! | J6: ='[7]★Cost datasheet_v2'!H6*(1+'[7]★Cost datasheet_v2'!R6)^(2030-'[7]★Cost datasheet_v2'!$D6) -> #REF! | K6: ='[7]★Cost datasheet_v2'!E6*(1+'[7]★Cost datasheet_v2'!O6)^(2038-'[7]★Cost datasheet_v2'!$D6) -> 950110.1 | L6: ='[7]★Cost datasheet_v2'!F6*(1+'[7]★Cost datasheet_v2'!P6)^(2038-'[7]★Cost datasheet_v2'!$D6) -> 24616.393 | M6: ='[7]★Cost datasheet_v2'!G6*(1+'[7]★Cost datasheet_v2'!Q6)^(2038-'[7]★Cost datasheet_v2'!$D6) -> #REF! | N6: ='[7]★Cost datasheet_v2'!H6*(1+'[7]★Cost datasheet_v2'!R6)^(2038-'[7]★Cost datasheet_v2'!$D6) -> #REF! | O6: ='[7]★Cost datasheet_v2'!E6*(1+'[7]★Cost datasheet_v2'!O6)^(2040-'[7]★Cost datasheet_v2'!$D6) -> 897648.82 | P6: ='[7]★Cost datasheet_v2'!F6*(1+'[7]★Cost datasheet_v2'!P6)^(2040-'[7]★Cost datasheet_v2'!$D6) -> 23458.371 | Q6: ='[7]★Cost datasheet_v2'!G6*(1+'[7]★Cost datasheet_v2'!Q6)^(2040-'[7]★Cost datasheet_v2'!$D6) -> #REF! | R6: ='[7]★Cost datasheet_v2'!H6*(1+'[7]★Cost datasheet_v2'!R6)^(2040-'[7]★Cost datasheet_v2'!$D6) -> #REF! | S6: ='[7]★Cost datasheet_v2'!E6*(1+'[7]★Cost datasheet_v2'!O6)^(2050-'[7]★Cost datasheet_v2'!$D6) -> 675723.64 | T6: ='[7]★Cost datasheet_v2'!F6*(1+'[7]★Cost datasheet_v2'!P6)^(2050-'[7]★Cost datasheet_v2'!$D6) -> 18435.929 | U6: ='[7]★Cost datasheet_v2'!G6*(1+'[7]★Cost datasheet_v2'!Q6)^(2050-'[7]★Cost datasheet_v2'!$D6) -> #REF! | V6: ='[7]★Cost datasheet_v2'!H6*(1+'[7]★Cost datasheet_v2'!R6)^(2050-'[7]★Cost datasheet_v2'!$D6) -> #REF!
B7: Solar PV(> 100MW) | C7: ='[7]★Cost datasheet_v2'!E7*(1+'[7]★Cost datasheet_v2'!O7)^(2025-'[7]★Cost datasheet_v2'!$D7) -> 1183348.6 | D7: ='[7]★Cost datasheet_v2'!F7*(1+'[7]★Cost datasheet_v2'!P7)^(2025-'[7]★Cost datasheet_v2'!$D7) -> 29232.527 | E7: ='[7]★Cost datasheet_v2'!G7*(1+'[7]★Cost datasheet_v2'!Q7)^(2025-'[7]★Cost datasheet_v2'!$D7) -> #REF! | F7: ='[7]★Cost datasheet_v2'!H7*(1+'[7]★Cost datasheet_v2'!R7)^(2025-'[7]★Cost datasheet_v2'!$D7) -> #REF! | G7: ='[7]★Cost datasheet_v2'!E7*(1+'[7]★Cost datasheet_v2'!O7)^(2030-'[7]★Cost datasheet_v2'!$D7) -> 1026701.1 | H7: ='[7]★Cost datasheet_v2'!F7*(1+'[7]★Cost datasheet_v2'!P7)^(2030-'[7]★Cost datasheet_v2'!$D7) -> 26460.478 | I7: ='[7]★Cost datasheet_v2'!G7*(1+'[7]★Cost datasheet_v2'!Q7)^(2030-'[7]★Cost datasheet_v2'!$D7) -> #REF! | J7: ='[7]★Cost datasheet_v2'!H7*(1+'[7]★Cost datasheet_v2'!R7)^(2030-'[7]★Cost datasheet_v2'!$D7) -> #REF! | K7: ='[7]★Cost datasheet_v2'!E7*(1+'[7]★Cost datasheet_v2'!O7)^(2038-'[7]★Cost datasheet_v2'!$D7) -> 818039.22 | L7: ='[7]★Cost datasheet_v2'!F7*(1+'[7]★Cost datasheet_v2'!P7)^(2038-'[7]★Cost datasheet_v2'!$D7) -> 22561.491 | M7: ='[7]★Cost datasheet_v2'!G7*(1+'[7]★Cost datasheet_v2'!Q7)^(2038-'[7]★Cost datasheet_v2'!$D7) -> #REF! | N7: ='[7]★Cost datasheet_v2'!H7*(1+'[7]★Cost datasheet_v2'!R7)^(2038-'[7]★Cost datasheet_v2'!$D7) -> #REF! | O7: ='[7]★Cost datasheet_v2'!E7*(1+'[7]★Cost datasheet_v2'!O7)^(2040-'[7]★Cost datasheet_v2'!$D7) -> 772870.37 | P7: ='[7]★Cost datasheet_v2'!F7*(1+'[7]★Cost datasheet_v2'!P7)^(2040-'[7]★Cost datasheet_v2'!$D7) -> 21680.053 | Q7: ='[7]★Cost datasheet_v2'!G7*(1+'[7]★Cost datasheet_v2'!Q7)^(2040-'[7]★Cost datasheet_v2'!$D7) -> #REF! | R7: ='[7]★Cost datasheet_v2'!H7*(1+'[7]★Cost datasheet_v2'!R7)^(2040-'[7]★Cost datasheet_v2'!$D7) -> #REF! | S7: ='[7]★Cost datasheet_v2'!E7*(1+'[7]★Cost datasheet_v2'!O7)^(2050-'[7]★Cost datasheet_v2'!$D7) -> 581794.09 | T7: ='[7]★Cost datasheet_v2'!F7*(1+'[7]★Cost datasheet_v2'!P7)^(2050-'[7]★Cost datasheet_v2'!$D7) -> 17763.273 | U7: ='[7]★Cost datasheet_v2'!G7*(1+'[7]★Cost datasheet_v2'!Q7)^(2050-'[7]★Cost datasheet_v2'!$D7) -> #REF! | V7: ='[7]★Cost datasheet_v2'!H7*(1+'[7]★Cost datasheet_v2'!R7)^(2050-'[7]★Cost datasheet_v2'!$D7) -> #REF!
B8: Onshore Wind | C8: ='[7]★Cost datasheet_v2'!E8*(1+'[7]★Cost datasheet_v2'!O8)^(2025-'[7]★Cost datasheet_v2'!$D8) -> 2518972.3 | D8: ='[7]★Cost datasheet_v2'!F8*(1+'[7]★Cost datasheet_v2'!P8)^(2025-'[7]★Cost datasheet_v2'!$D8) -> 54620.699 | E8: ='[7]★Cost datasheet_v2'!G8*(1+'[7]★Cost datasheet_v2'!Q8)^(2025-'[7]★Cost datasheet_v2'!$D8) -> #REF! | F8: ='[7]★Cost datasheet_v2'!H8*(1+'[7]★Cost datasheet_v2'!R8)^(2025-'[7]★Cost datasheet_v2'!$D8) -> #REF! | G8: ='[7]★Cost datasheet_v2'!E8*(1+'[7]★Cost datasheet_v2'!O8)^(2030-'[7]★Cost datasheet_v2'!$D8) -> 2300280.7 | H8: ='[7]★Cost datasheet_v2'!F8*(1+'[7]★Cost datasheet_v2'!P8)^(2030-'[7]★Cost datasheet_v2'!$D8) -> 51217.304 | I8: ='[7]★Cost datasheet_v2'!G8*(1+'[7]★Cost datasheet_v2'!Q8)^(2030-'[7]★Cost datasheet_v2'!$D8) -> #REF! | J8: ='[7]★Cost datasheet_v2'!H8*(1+'[7]★Cost datasheet_v2'!R8)^(2030-'[7]★Cost datasheet_v2'!$D8) -> #REF! | K8: ='[7]★Cost datasheet_v2'!E8*(1+'[7]★Cost datasheet_v2'!O8)^(2038-'[7]★Cost datasheet_v2'!$D8) -> 1989173.8 | L8: ='[7]★Cost datasheet_v2'!F8*(1+'[7]★Cost datasheet_v2'!P8)^(2038-'[7]★Cost datasheet_v2'!$D8) -> 46207.435 | M8: ='[7]★Cost datasheet_v2'!G8*(1+'[7]★Cost datasheet_v2'!Q8)^(2038-'[7]★Cost datasheet_v2'!$D8) -> #REF! | N8: ='[7]★Cost datasheet_v2'!H8*(1+'[7]★Cost datasheet_v2'!R8)^(2038-'[7]★Cost datasheet_v2'!$D8) -> #REF! | O8: ='[7]★Cost datasheet_v2'!E8*(1+'[7]★Cost datasheet_v2'!O8)^(2040-'[7]★Cost datasheet_v2'!$D8) -> 1918208 | P8: ='[7]★Cost datasheet_v2'!F8*(1+'[7]★Cost datasheet_v2'!P8)^(2040-'[7]★Cost datasheet_v2'!$D8) -> 45033.495 | Q8: ='[7]★Cost datasheet_v2'!G8*(1+'[7]★Cost datasheet_v2'!Q8)^(2040-'[7]★Cost datasheet_v2'!$D8) -> #REF! | R8: ='[7]★Cost datasheet_v2'!H8*(1+'[7]★Cost datasheet_v2'!R8)^(2040-'[7]★Cost datasheet_v2'!$D8) -> #REF! | S8: ='[7]★Cost datasheet_v2'!E8*(1+'[7]★Cost datasheet_v2'!O8)^(2050-'[7]★Cost datasheet_v2'!$D8) -> 1599597 | T8: ='[7]★Cost datasheet_v2'!F8*(1+'[7]★Cost datasheet_v2'!P8)^(2050-'[7]★Cost datasheet_v2'!$D8) -> 39596.298 | U8: ='[7]★Cost datasheet_v2'!G8*(1+'[7]★Cost datasheet_v2'!Q8)^(2050-'[7]★Cost datasheet_v2'!$D8) -> #REF! | V8: ='[7]★Cost datasheet_v2'!H8*(1+'[7]★Cost datasheet_v2'!R8)^(2050-'[7]★Cost datasheet_v2'!$D8) -> #REF!
B9: Offshore Wind (Fixed) | C9: ='[7]★Cost datasheet_v2'!E9*(1+'[7]★Cost datasheet_v2'!O9)^(2025-'[7]★Cost datasheet_v2'!$D9) -> 6222998.7 | D9: ='[7]★Cost datasheet_v2'!F9*(1+'[7]★Cost datasheet_v2'!P9)^(2025-'[7]★Cost datasheet_v2'!$D9) -> 125975.2 | E9: ='[7]★Cost datasheet_v2'!G9*(1+'[7]★Cost datasheet_v2'!Q9)^(2025-'[7]★Cost datasheet_v2'!$D9) -> #REF! | F9: ='[7]★Cost datasheet_v2'!H9*(1+'[7]★Cost datasheet_v2'!R9)^(2025-'[7]★Cost datasheet_v2'!$D9) -> #REF! | G9: ='[7]★Cost datasheet_v2'!E9*(1+'[7]★Cost datasheet_v2'!O9)^(2030-'[7]★Cost datasheet_v2'!$D9) -> 5539525 | H9: ='[7]★Cost datasheet_v2'!F9*(1+'[7]★Cost datasheet_v2'!P9)^(2030-'[7]★Cost datasheet_v2'!$D9) -> 121223.11 | I9: ='[7]★Cost datasheet_v2'!G9*(1+'[7]★Cost datasheet_v2'!Q9)^(2030-'[7]★Cost datasheet_v2'!$D9) -> #REF! | J9: ='[7]★Cost datasheet_v2'!H9*(1+'[7]★Cost datasheet_v2'!R9)^(2030-'[7]★Cost datasheet_v2'!$D9) -> #REF! | K9: ='[7]★Cost datasheet_v2'!E9*(1+'[7]★Cost datasheet_v2'!O9)^(2038-'[7]★Cost datasheet_v2'!$D9) -> 4598636 | L9: ='[7]★Cost datasheet_v2'!F9*(1+'[7]★Cost datasheet_v2'!P9)^(2038-'[7]★Cost datasheet_v2'!$D9) -> 113989.8 | M9: ='[7]★Cost datasheet_v2'!G9*(1+'[7]★Cost datasheet_v2'!Q9)^(2038-'[7]★Cost datasheet_v2'!$D9) -> #REF! | N9: ='[7]★Cost datasheet_v2'!H9*(1+'[7]★Cost datasheet_v2'!R9)^(2038-'[7]★Cost datasheet_v2'!$D9) -> #REF! | O9: ='[7]★Cost datasheet_v2'!E9*(1+'[7]★Cost datasheet_v2'!O9)^(2040-'[7]★Cost datasheet_v2'!$D9) -> 4389531.5 | P9: ='[7]★Cost datasheet_v2'!F9*(1+'[7]★Cost datasheet_v2'!P9)^(2040-'[7]★Cost datasheet_v2'!$D9) -> 112249.94 | Q9: ='[7]★Cost datasheet_v2'!G9*(1+'[7]★Cost datasheet_v2'!Q9)^(2040-'[7]★Cost datasheet_v2'!$D9) -> #REF! | R9: ='[7]★Cost datasheet_v2'!H9*(1+'[7]★Cost datasheet_v2'!R9)^(2040-'[7]★Cost datasheet_v2'!$D9) -> #REF! | S9: ='[7]★Cost datasheet_v2'!E9*(1+'[7]★Cost datasheet_v2'!O9)^(2050-'[7]★Cost datasheet_v2'!$D9) -> 3478274.1 | T9: ='[7]★Cost datasheet_v2'!F9*(1+'[7]★Cost datasheet_v2'!P9)^(2050-'[7]★Cost datasheet_v2'!$D9) -> 103940.98 | U9: ='[7]★Cost datasheet_v2'!G9*(1+'[7]★Cost datasheet_v2'!Q9)^(2050-'[7]★Cost datasheet_v2'!$D9) -> #REF! | V9: ='[7]★Cost datasheet_v2'!H9*(1+'[7]★Cost datasheet_v2'!R9)^(2050-'[7]★Cost datasheet_v2'!$D9) -> #REF!
B10: Offshore Wind (Floating) | C10: ='[7]★Cost datasheet_v2'!E10*(1+'[7]★Cost datasheet_v2'!O10)^(2025-'[7]★Cost datasheet_v2'!$D10) -> 9166544 | D10: ='[7]★Cost datasheet_v2'!F10*(1+'[7]★Cost datasheet_v2'!P10)^(2025-'[7]★Cost datasheet_v2'!$D10) -> 126000.02 | E10: ='[7]★Cost datasheet_v2'!G10*(1+'[7]★Cost datasheet_v2'!Q10)^(2025-'[7]★Cost datasheet_v2'!$D10) -> #REF! | F10: ='[7]★Cost datasheet_v2'!H10*(1+'[7]★Cost datasheet_v2'!R10)^(2025-'[7]★Cost datasheet_v2'!$D10) -> #REF! | G10: ='[7]★Cost datasheet_v2'!E10*(1+'[7]★Cost datasheet_v2'!O10)^(2030-'[7]★Cost datasheet_v2'!$D10) -> 8201624.9 | H10: ='[7]★Cost datasheet_v2'!F10*(1+'[7]★Cost datasheet_v2'!P10)^(2030-'[7]★Cost datasheet_v2'!$D10) -> 121306.72 | I10: ='[7]★Cost datasheet_v2'!G10*(1+'[7]★Cost datasheet_v2'!Q10)^(2030-'[7]★Cost datasheet_v2'!$D10) -> #REF! | J10: ='[7]★Cost datasheet_v2'!H10*(1+'[7]★Cost datasheet_v2'!R10)^(2030-'[7]★Cost datasheet_v2'!$D10) -> #REF! | K10: ='[7]★Cost datasheet_v2'!E10*(1+'[7]★Cost datasheet_v2'!O10)^(2038-'[7]★Cost datasheet_v2'!$D10) -> 6864528.9 | L10: ='[7]★Cost datasheet_v2'!F10*(1+'[7]★Cost datasheet_v2'!P10)^(2038-'[7]★Cost datasheet_v2'!$D10) -> 114158.34 | M10: ='[7]★Cost datasheet_v2'!G10*(1+'[7]★Cost datasheet_v2'!Q10)^(2038-'[7]★Cost datasheet_v2'!$D10) -> #REF! | N10: ='[7]★Cost datasheet_v2'!H10*(1+'[7]★Cost datasheet_v2'!R10)^(2038-'[7]★Cost datasheet_v2'!$D10) -> #REF! | O10: ='[7]★Cost datasheet_v2'!E10*(1+'[7]★Cost datasheet_v2'!O10)^(2040-'[7]★Cost datasheet_v2'!$D10) -> 6565812.1 | P10: ='[7]★Cost datasheet_v2'!F10*(1+'[7]★Cost datasheet_v2'!P10)^(2040-'[7]★Cost datasheet_v2'!$D10) -> 112438.06 | Q10: ='[7]★Cost datasheet_v2'!G10*(1+'[7]★Cost datasheet_v2'!Q10)^(2040-'[7]★Cost datasheet_v2'!$D10) -> #REF! | R10: ='[7]★Cost datasheet_v2'!H10*(1+'[7]★Cost datasheet_v2'!R10)^(2040-'[7]★Cost datasheet_v2'!$D10) -> #REF! | S10: ='[7]★Cost datasheet_v2'!E10*(1+'[7]★Cost datasheet_v2'!O10)^(2050-'[7]★Cost datasheet_v2'!$D10) -> 5256261.9 | T10: ='[7]★Cost datasheet_v2'!F10*(1+'[7]★Cost datasheet_v2'!P10)^(2050-'[7]★Cost datasheet_v2'!$D10) -> 104217.78 | U10: ='[7]★Cost datasheet_v2'!G10*(1+'[7]★Cost datasheet_v2'!Q10)^(2050-'[7]★Cost datasheet_v2'!$D10) -> #REF! | V10: ='[7]★Cost datasheet_v2'!H10*(1+'[7]★Cost datasheet_v2'!R10)^(2050-'[7]★Cost datasheet_v2'!$D10) -> #REF!
B11: Pumped Storage Hydropower | C11: ='[7]★Cost datasheet_v2'!E11*(1+'[7]★Cost datasheet_v2'!O11)^(2025-'[7]★Cost datasheet_v2'!$D11) -> 2523845.2 | D11: ='[7]★Cost datasheet_v2'!F11*(1+'[7]★Cost datasheet_v2'!P11)^(2025-'[7]★Cost datasheet_v2'!$D11) -> 24610.872 | E11: ='[7]★Cost datasheet_v2'!G11*(1+'[7]★Cost datasheet_v2'!Q11)^(2025-'[7]★Cost datasheet_v2'!$D11) -> 706.6488 | F11: ='[7]★Cost datasheet_v2'!H11*(1+'[7]★Cost datasheet_v2'!R11)^(2025-'[7]★Cost datasheet_v2'!$D11) -> #REF! | G11: ='[7]★Cost datasheet_v2'!E11*(1+'[7]★Cost datasheet_v2'!O11)^(2030-'[7]★Cost datasheet_v2'!$D11) -> 2523845.2 | H11: ='[7]★Cost datasheet_v2'!F11*(1+'[7]★Cost datasheet_v2'!P11)^(2030-'[7]★Cost datasheet_v2'!$D11) -> 24610.872 | I11: ='[7]★Cost datasheet_v2'!G11*(1+'[7]★Cost datasheet_v2'!Q11)^(2030-'[7]★Cost datasheet_v2'!$D11) -> 706.6488 | J11: ='[7]★Cost datasheet_v2'!H11*(1+'[7]★Cost datasheet_v2'!R11)^(2030-'[7]★Cost datasheet_v2'!$D11) -> #REF! | K11: ='[7]★Cost datasheet_v2'!E11*(1+'[7]★Cost datasheet_v2'!O11)^(2038-'[7]★Cost datasheet_v2'!$D11) -> 2523845.2 | L11: ='[7]★Cost datasheet_v2'!F11*(1+'[7]★Cost datasheet_v2'!P11)^(2038-'[7]★Cost datasheet_v2'!$D11) -> 24610.872 | M11: ='[7]★Cost datasheet_v2'!G11*(1+'[7]★Cost datasheet_v2'!Q11)^(2038-'[7]★Cost datasheet_v2'!$D11) -> 706.6488 | N11: ='[7]★Cost datasheet_v2'!H11*(1+'[7]★Cost datasheet_v2'!R11)^(2038-'[7]★Cost datasheet_v2'!$D11) -> #REF! | O11: ='[7]★Cost datasheet_v2'!E11*(1+'[7]★Cost datasheet_v2'!O11)^(2040-'[7]★Cost datasheet_v2'!$D11) -> 2523845.2 | P11: ='[7]★Cost datasheet_v2'!F11*(1+'[7]★Cost datasheet_v2'!P11)^(2040-'[7]★Cost datasheet_v2'!$D11) -> 24610.872 | Q11: ='[7]★Cost datasheet_v2'!G11*(1+'[7]★Cost datasheet_v2'!Q11)^(2040-'[7]★Cost datasheet_v2'!$D11) -> 706.6488 | R11: ='[7]★Cost datasheet_v2'!H11*(1+'[7]★Cost datasheet_v2'!R11)^(2040-'[7]★Cost datasheet_v2'!$D11) -> #REF! | S11: ='[7]★Cost datasheet_v2'!E11*(1+'[7]★Cost datasheet_v2'!O11)^(2050-'[7]★Cost datasheet_v2'!$D11) -> 2523845.2 | T11: ='[7]★Cost datasheet_v2'!F11*(1+'[7]★Cost datasheet_v2'!P11)^(2050-'[7]★Cost datasheet_v2'!$D11) -> 24610.872 | U11: ='[7]★Cost datasheet_v2'!G11*(1+'[7]★Cost datasheet_v2'!Q11)^(2050-'[7]★Cost datasheet_v2'!$D11) -> 706.6488 | V11: ='[7]★Cost datasheet_v2'!H11*(1+'[7]★Cost datasheet_v2'!R11)^(2050-'[7]★Cost datasheet_v2'!$D11) -> #REF!
B12: Hydrogen Turbine | C12: ='[7]★Cost datasheet_v2'!E12*(1+'[7]★Cost datasheet_v2'!O12)^(2025-'[7]★Cost datasheet_v2'!$D12) -> #REF! | D12: ='[7]★Cost datasheet_v2'!F12*(1+'[7]★Cost datasheet_v2'!P12)^(2025-'[7]★Cost datasheet_v2'!$D12) -> #REF! | E12: ='[7]★Cost datasheet_v2'!G12*(1+'[7]★Cost datasheet_v2'!Q12)^(2025-'[7]★Cost datasheet_v2'!$D12) -> #REF! | F12: ='[7]★Cost datasheet_v2'!H12*(1+'[7]★Cost datasheet_v2'!R12)^(2025-'[7]★Cost datasheet_v2'!$D12) -> #REF! | G12: ='[7]★Cost datasheet_v2'!E12*(1+'[7]★Cost datasheet_v2'!O12)^(2030-'[7]★Cost datasheet_v2'!$D12) -> #REF! | H12: ='[7]★Cost datasheet_v2'!F12*(1+'[7]★Cost datasheet_v2'!P12)^(2030-'[7]★Cost datasheet_v2'!$D12) -> #REF! | I12: ='[7]★Cost datasheet_v2'!G12*(1+'[7]★Cost datasheet_v2'!Q12)^(2030-'[7]★Cost datasheet_v2'!$D12) -> #REF! | J12: ='[7]★Cost datasheet_v2'!H12*(1+'[7]★Cost datasheet_v2'!R12)^(2030-'[7]★Cost datasheet_v2'!$D12) -> #REF! | K12: ='[7]★Cost datasheet_v2'!E12*(1+'[7]★Cost datasheet_v2'!O12)^(2038-'[7]★Cost datasheet_v2'!$D12) -> #REF! | L12: ='[7]★Cost datasheet_v2'!F12*(1+'[7]★Cost datasheet_v2'!P12)^(2038-'[7]★Cost datasheet_v2'!$D12) -> #REF! | M12: ='[7]★Cost datasheet_v2'!G12*(1+'[7]★Cost datasheet_v2'!Q12)^(2038-'[7]★Cost datasheet_v2'!$D12) -> #REF! | N12: ='[7]★Cost datasheet_v2'!H12*(1+'[7]★Cost datasheet_v2'!R12)^(2038-'[7]★Cost datasheet_v2'!$D12) -> #REF! | O12: ='[7]★Cost datasheet_v2'!E12*(1+'[7]★Cost datasheet_v2'!O12)^(2040-'[7]★Cost datasheet_v2'!$D12) -> #REF! | P12: ='[7]★Cost datasheet_v2'!F12*(1+'[7]★Cost datasheet_v2'!P12)^(2040-'[7]★Cost datasheet_v2'!$D12) -> #REF! | Q12: ='[7]★Cost datasheet_v2'!G12*(1+'[7]★Cost datasheet_v2'!Q12)^(2040-'[7]★Cost datasheet_v2'!$D12) -> #REF! | R12: ='[7]★Cost datasheet_v2'!H12*(1+'[7]★Cost datasheet_v2'!R12)^(2040-'[7]★Cost datasheet_v2'!$D12) -> #REF! | S12: ='[7]★Cost datasheet_v2'!E12*(1+'[7]★Cost datasheet_v2'!O12)^(2050-'[7]★Cost datasheet_v2'!$D12) -> #REF! | T12: ='[7]★Cost datasheet_v2'!F12*(1+'[7]★Cost datasheet_v2'!P12)^(2050-'[7]★Cost datasheet_v2'!$D12) -> #REF! | U12: ='[7]★Cost datasheet_v2'!G12*(1+'[7]★Cost datasheet_v2'!Q12)^(2050-'[7]★Cost datasheet_v2'!$D12) -> #REF! | V12: ='[7]★Cost datasheet_v2'!H12*(1+'[7]★Cost datasheet_v2'!R12)^(2050-'[7]★Cost datasheet_v2'!$D12) -> #REF!
A14: Conventional | B14: Coal (유연탄) | C14: ='[7]★Cost datasheet_v2'!E14*(1+'[7]★Cost datasheet_v2'!O14)^(2025-'[7]★Cost datasheet_v2'!$D14) -> 2276001.7 | D14: ='[7]★Cost datasheet_v2'!F14*(1+'[7]★Cost datasheet_v2'!P14)^(2025-'[7]★Cost datasheet_v2'!$D14) -> 79295.165 | E14: ='[7]★Cost datasheet_v2'!G14*(1+'[7]★Cost datasheet_v2'!Q14)^(2025-'[7]★Cost datasheet_v2'!$D14) -> 11194.44 | F14: ='[7]★Cost datasheet_v2'!H14*(1+'[7]★Cost datasheet_v2'!R14)^(2025-'[7]★Cost datasheet_v2'!$D14) -> 78938.384 | G14: ='[7]★Cost datasheet_v2'!E14*(1+'[7]★Cost datasheet_v2'!O14)^(2030-'[7]★Cost datasheet_v2'!$D14) -> 2466428.5 | H14: ='[7]★Cost datasheet_v2'!F14*(1+'[7]★Cost datasheet_v2'!P14)^(2030-'[7]★Cost datasheet_v2'!$D14) -> 76571.043 | I14: ='[7]★Cost datasheet_v2'!G14*(1+'[7]★Cost datasheet_v2'!Q14)^(2030-'[7]★Cost datasheet_v2'!$D14) -> 10978.468 | J14: ='[7]★Cost datasheet_v2'!H14*(1+'[7]★Cost datasheet_v2'!R14)^(2030-'[7]★Cost datasheet_v2'!$D14) -> 62794.826 | K14: ='[7]★Cost datasheet_v2'!E14*(1+'[7]★Cost datasheet_v2'!O14)^(2038-'[7]★Cost datasheet_v2'!$D14) -> 2804801 | L14: ='[7]★Cost datasheet_v2'!F14*(1+'[7]★Cost datasheet_v2'!P14)^(2038-'[7]★Cost datasheet_v2'!$D14) -> 72405.762 | M14: ='[7]★Cost datasheet_v2'!G14*(1+'[7]★Cost datasheet_v2'!Q14)^(2038-'[7]★Cost datasheet_v2'!$D14) -> 10641.547 | N14: ='[7]★Cost datasheet_v2'!H14*(1+'[7]★Cost datasheet_v2'!R14)^(2038-'[7]★Cost datasheet_v2'!$D14) -> 43545.258 | O14: ='[7]★Cost datasheet_v2'!E14*(1+'[7]★Cost datasheet_v2'!O14)^(2040-'[7]★Cost datasheet_v2'!$D14) -> 2896412.7 | P14: ='[7]★Cost datasheet_v2'!F14*(1+'[7]★Cost datasheet_v2'!P14)^(2040-'[7]★Cost datasheet_v2'!$D14) -> 71400.339 | Q14: ='[7]★Cost datasheet_v2'!G14*(1+'[7]★Cost datasheet_v2'!Q14)^(2040-'[7]★Cost datasheet_v2'!$D14) -> 10558.945 | R14: ='[7]★Cost datasheet_v2'!H14*(1+'[7]★Cost datasheet_v2'!R14)^(2040-'[7]★Cost datasheet_v2'!$D14) -> 39737.004 | S14: ='[7]★Cost datasheet_v2'!E14*(1+'[7]★Cost datasheet_v2'!O14)^(2050-'[7]★Cost datasheet_v2'!$D14) -> 3401358 | T14: ='[7]★Cost datasheet_v2'!F14*(1+'[7]★Cost datasheet_v2'!P14)^(2050-'[7]★Cost datasheet_v2'!$D14) -> 66578.803 | U14: ='[7]★Cost datasheet_v2'!G14*(1+'[7]★Cost datasheet_v2'!Q14)^(2050-'[7]★Cost datasheet_v2'!$D14) -> 10155.452 | V14: ='[7]★Cost datasheet_v2'!H14*(1+'[7]★Cost datasheet_v2'!R14)^(2050-'[7]★Cost datasheet_v2'!$D14) -> 25145.853
B15: LNG | C15: ='[7]★Cost datasheet_v2'!E15*(1+'[7]★Cost datasheet_v2'!O15)^(2025-'[7]★Cost datasheet_v2'!$D15) -> 1604147.1 | D15: ='[7]★Cost datasheet_v2'!F15*(1+'[7]★Cost datasheet_v2'!P15)^(2025-'[7]★Cost datasheet_v2'!$D15) -> 50294.726 | E15: ='[7]★Cost datasheet_v2'!G15*(1+'[7]★Cost datasheet_v2'!Q15)^(2025-'[7]★Cost datasheet_v2'!$D15) -> 2584.6481 | F15: ='[7]★Cost datasheet_v2'!H15*(1+'[7]★Cost datasheet_v2'!R15)^(2025-'[7]★Cost datasheet_v2'!$D15) -> 213174.2 | G15: ='[7]★Cost datasheet_v2'!E15*(1+'[7]★Cost datasheet_v2'!O15)^(2030-'[7]★Cost datasheet_v2'!$D15) -> 1738361.7 | H15: ='[7]★Cost datasheet_v2'!F15*(1+'[7]★Cost datasheet_v2'!P15)^(2030-'[7]★Cost datasheet_v2'!$D15) -> 48168.847 | I15: ='[7]★Cost datasheet_v2'!G15*(1+'[7]★Cost datasheet_v2'!Q15)^(2030-'[7]★Cost datasheet_v2'!$D15) -> 2499.5957 | J15: ='[7]★Cost datasheet_v2'!H15*(1+'[7]★Cost datasheet_v2'!R15)^(2030-'[7]★Cost datasheet_v2'!$D15) -> 131914.5 | K15: ='[7]★Cost datasheet_v2'!E15*(1+'[7]★Cost datasheet_v2'!O15)^(2038-'[7]★Cost datasheet_v2'!$D15) -> 1976849.8 | L15: ='[7]★Cost datasheet_v2'!F15*(1+'[7]★Cost datasheet_v2'!P15)^(2038-'[7]★Cost datasheet_v2'!$D15) -> 44952.759 | M15: ='[7]★Cost datasheet_v2'!G15*(1+'[7]★Cost datasheet_v2'!Q15)^(2038-'[7]★Cost datasheet_v2'!$D15) -> 2369.2949 | N15: ='[7]★Cost datasheet_v2'!H15*(1+'[7]★Cost datasheet_v2'!R15)^(2038-'[7]★Cost datasheet_v2'!$D15) -> 61204.756 | O15: ='[7]★Cost datasheet_v2'!E15*(1+'[7]★Cost datasheet_v2'!O15)^(2040-'[7]★Cost datasheet_v2'!$D15) -> 2041418.5 | P15: ='[7]★Cost datasheet_v2'!F15*(1+'[7]★Cost datasheet_v2'!P15)^(2040-'[7]★Cost datasheet_v2'!$D15) -> 44182.865 | Q15: ='[7]★Cost datasheet_v2'!G15*(1+'[7]★Cost datasheet_v2'!Q15)^(2040-'[7]★Cost datasheet_v2'!$D15) -> 2337.7952 | R15: ='[7]★Cost datasheet_v2'!H15*(1+'[7]★Cost datasheet_v2'!R15)^(2040-'[7]★Cost datasheet_v2'!$D15) -> 50513.601 | S15: ='[7]★Cost datasheet_v2'!E15*(1+'[7]★Cost datasheet_v2'!O15)^(2050-'[7]★Cost datasheet_v2'!$D15) -> 2397308.7 | T15: ='[7]★Cost datasheet_v2'!F15*(1+'[7]★Cost datasheet_v2'!P15)^(2050-'[7]★Cost datasheet_v2'!$D15) -> 40526.723 | U15: ='[7]★Cost datasheet_v2'!G15*(1+'[7]★Cost datasheet_v2'!Q15)^(2050-'[7]★Cost datasheet_v2'!$D15) -> 2186.4682 | V15: ='[7]★Cost datasheet_v2'!H15*(1+'[7]★Cost datasheet_v2'!R15)^(2050-'[7]★Cost datasheet_v2'!$D15) -> 19343.012
B16: Nuclear | C16: ='[7]★Cost datasheet_v2'!E16*(1+'[7]★Cost datasheet_v2'!O16)^(2025-'[7]★Cost datasheet_v2'!$D16) -> 5441632.7 | D16: ='[7]★Cost datasheet_v2'!F16*(1+'[7]★Cost datasheet_v2'!P16)^(2025-'[7]★Cost datasheet_v2'!$D16) -> 169352.04 | E16: ='[7]★Cost datasheet_v2'!G16*(1+'[7]★Cost datasheet_v2'!Q16)^(2025-'[7]★Cost datasheet_v2'!$D16) -> #REF! | F16: ='[7]★Cost datasheet_v2'!H16*(1+'[7]★Cost datasheet_v2'!R16)^(2025-'[7]★Cost datasheet_v2'!$D16) -> 6091.8 | G16: ='[7]★Cost datasheet_v2'!E16*(1+'[7]★Cost datasheet_v2'!O16)^(2030-'[7]★Cost datasheet_v2'!$D16) -> 6171738.9 | H16: ='[7]★Cost datasheet_v2'!F16*(1+'[7]★Cost datasheet_v2'!P16)^(2030-'[7]★Cost datasheet_v2'!$D16) -> 169352.04 | I16: ='[7]★Cost datasheet_v2'!G16*(1+'[7]★Cost datasheet_v2'!Q16)^(2030-'[7]★Cost datasheet_v2'!$D16) -> #REF! | J16: ='[7]★Cost datasheet_v2'!H16*(1+'[7]★Cost datasheet_v2'!R16)^(2030-'[7]★Cost datasheet_v2'!$D16) -> 6091.8 | K16: ='[7]★Cost datasheet_v2'!E16*(1+'[7]★Cost datasheet_v2'!O16)^(2038-'[7]★Cost datasheet_v2'!$D16) -> 7549059.8 | L16: ='[7]★Cost datasheet_v2'!F16*(1+'[7]★Cost datasheet_v2'!P16)^(2038-'[7]★Cost datasheet_v2'!$D16) -> 169352.04 | M16: ='[7]★Cost datasheet_v2'!G16*(1+'[7]★Cost datasheet_v2'!Q16)^(2038-'[7]★Cost datasheet_v2'!$D16) -> #REF! | N16: ='[7]★Cost datasheet_v2'!H16*(1+'[7]★Cost datasheet_v2'!R16)^(2038-'[7]★Cost datasheet_v2'!$D16) -> 6091.8 | O16: ='[7]★Cost datasheet_v2'!E16*(1+'[7]★Cost datasheet_v2'!O16)^(2040-'[7]★Cost datasheet_v2'!$D16) -> 7938970.6 | P16: ='[7]★Cost datasheet_v2'!F16*(1+'[7]★Cost datasheet_v2'!P16)^(2040-'[7]★Cost datasheet_v2'!$D16) -> 169352.04 | Q16: ='[7]★Cost datasheet_v2'!G16*(1+'[7]★Cost datasheet_v2'!Q16)^(2040-'[7]★Cost datasheet_v2'!$D16) -> #REF! | R16: ='[7]★Cost datasheet_v2'!H16*(1+'[7]★Cost datasheet_v2'!R16)^(2040-'[7]★Cost datasheet_v2'!$D16) -> 6091.8 | S16: ='[7]★Cost datasheet_v2'!E16*(1+'[7]★Cost datasheet_v2'!O16)^(2050-'[7]★Cost datasheet_v2'!$D16) -> 10212236 | T16: ='[7]★Cost datasheet_v2'!F16*(1+'[7]★Cost datasheet_v2'!P16)^(2050-'[7]★Cost datasheet_v2'!$D16) -> 169352.04 | U16: ='[7]★Cost datasheet_v2'!G16*(1+'[7]★Cost datasheet_v2'!Q16)^(2050-'[7]★Cost datasheet_v2'!$D16) -> #REF! | V16: ='[7]★Cost datasheet_v2'!H16*(1+'[7]★Cost datasheet_v2'!R16)^(2050-'[7]★Cost datasheet_v2'!$D16) -> 6091.8
B17: CHP | C17: ='[7]★Cost datasheet_v2'!E17*(1+'[7]★Cost datasheet_v2'!O17/100)^(2025-'[7]★Cost datasheet_v2'!$D17) -> #REF! | D17: ='[7]★Cost datasheet_v2'!F17*(1+'[7]★Cost datasheet_v2'!P17/100)^(2025-'[7]★Cost datasheet_v2'!$D17) -> #REF! | E17: ='[7]★Cost datasheet_v2'!G17*(1+'[7]★Cost datasheet_v2'!Q17/100)^(2025-'[7]★Cost datasheet_v2'!$D17) -> #REF! | F17: ='[7]★Cost datasheet_v2'!H17*(1+'[7]★Cost datasheet_v2'!R17/100)^(2025-'[7]★Cost datasheet_v2'!$D17) -> #REF! | G17: ='[7]★Cost datasheet_v2'!E17*(1+'[7]★Cost datasheet_v2'!O17)^(2030-'[7]★Cost datasheet_v2'!$D17) -> #REF! | H17: ='[7]★Cost datasheet_v2'!F17*(1+'[7]★Cost datasheet_v2'!P17)^(2030-'[7]★Cost datasheet_v2'!$D17) -> #REF! | I17: ='[7]★Cost datasheet_v2'!G17*(1+'[7]★Cost datasheet_v2'!Q17)^(2030-'[7]★Cost datasheet_v2'!$D17) -> #REF! | J17: ='[7]★Cost datasheet_v2'!H17*(1+'[7]★Cost datasheet_v2'!R17)^(2030-'[7]★Cost datasheet_v2'!$D17) -> #REF! | K17: ='[7]★Cost datasheet_v2'!E17*(1+'[7]★Cost datasheet_v2'!O17)^(2038-'[7]★Cost datasheet_v2'!$D17) -> #REF! | L17: ='[7]★Cost datasheet_v2'!F17*(1+'[7]★Cost datasheet_v2'!P17)^(2038-'[7]★Cost datasheet_v2'!$D17) -> #REF! | M17: ='[7]★Cost datasheet_v2'!G17*(1+'[7]★Cost datasheet_v2'!Q17)^(2038-'[7]★Cost datasheet_v2'!$D17) -> #REF! | N17: ='[7]★Cost datasheet_v2'!H17*(1+'[7]★Cost datasheet_v2'!R17)^(2038-'[7]★Cost datasheet_v2'!$D17) -> #REF! | O17: ='[7]★Cost datasheet_v2'!E17*(1+'[7]★Cost datasheet_v2'!O17)^(2040-'[7]★Cost datasheet_v2'!$D17) -> #REF! | P17: ='[7]★Cost datasheet_v2'!F17*(1+'[7]★Cost datasheet_v2'!P17)^(2040-'[7]★Cost datasheet_v2'!$D17) -> #REF! | Q17: ='[7]★Cost datasheet_v2'!G17*(1+'[7]★Cost datasheet_v2'!Q17)^(2040-'[7]★Cost datasheet_v2'!$D17) -> #REF! | R17: ='[7]★Cost datasheet_v2'!H17*(1+'[7]★Cost datasheet_v2'!R17)^(2040-'[7]★Cost datasheet_v2'!$D17) -> #REF! | S17: ='[7]★Cost datasheet_v2'!E17*(1+'[7]★Cost datasheet_v2'!O17)^(2050-'[7]★Cost datasheet_v2'!$D17) -> #REF! | T17: ='[7]★Cost datasheet_v2'!F17*(1+'[7]★Cost datasheet_v2'!P17)^(2050-'[7]★Cost datasheet_v2'!$D17) -> #REF! | U17: ='[7]★Cost datasheet_v2'!G17*(1+'[7]★Cost datasheet_v2'!Q17)^(2050-'[7]★Cost datasheet_v2'!$D17) -> #REF! | V17: ='[7]★Cost datasheet_v2'!H17*(1+'[7]★Cost datasheet_v2'!R17)^(2050-'[7]★Cost datasheet_v2'!$D17) -> #REF!
A19: Flexibility | B19: ESS(4Hr) | C19: ='[7]★Cost datasheet_v2'!E19*(1+'[7]★Cost datasheet_v2'!O19)^(2025-'[7]★Cost datasheet_v2'!$D19) -> 2406605 | D19: ='[7]★Cost datasheet_v2'!F19*(1+'[7]★Cost datasheet_v2'!P19)^(2025-'[7]★Cost datasheet_v2'!$D19) -> 55313.972 | E19: ='[7]★Cost datasheet_v2'!G19*(1+'[7]★Cost datasheet_v2'!Q19)^(2025-'[7]★Cost datasheet_v2'!$D19) -> #REF! | F19: ='[7]★Cost datasheet_v2'!H19*(1+'[7]★Cost datasheet_v2'!R19)^(2025-'[7]★Cost datasheet_v2'!$D19) -> #REF! | G19: ='[7]★Cost datasheet_v2'!E19*(1+'[7]★Cost datasheet_v2'!O19)^(2030-'[7]★Cost datasheet_v2'!$D19) -> 2115044.1 | H19: ='[7]★Cost datasheet_v2'!F19*(1+'[7]★Cost datasheet_v2'!P19)^(2030-'[7]★Cost datasheet_v2'!$D19) -> 48126.002 | I19: ='[7]★Cost datasheet_v2'!G19*(1+'[7]★Cost datasheet_v2'!Q19)^(2030-'[7]★Cost datasheet_v2'!$D19) -> #REF! | J19: ='[7]★Cost datasheet_v2'!H19*(1+'[7]★Cost datasheet_v2'!R19)^(2030-'[7]★Cost datasheet_v2'!$D19) -> #REF! | K19: ='[7]★Cost datasheet_v2'!E19*(1+'[7]★Cost datasheet_v2'!O19)^(2038-'[7]★Cost datasheet_v2'!$D19) -> 1720215.2 | L19: ='[7]★Cost datasheet_v2'!F19*(1+'[7]★Cost datasheet_v2'!P19)^(2038-'[7]★Cost datasheet_v2'!$D19) -> 38516.933 | M19: ='[7]★Cost datasheet_v2'!G19*(1+'[7]★Cost datasheet_v2'!Q19)^(2038-'[7]★Cost datasheet_v2'!$D19) -> #REF! | N19: ='[7]★Cost datasheet_v2'!H19*(1+'[7]★Cost datasheet_v2'!R19)^(2038-'[7]★Cost datasheet_v2'!$D19) -> #REF! | O19: ='[7]★Cost datasheet_v2'!E19*(1+'[7]★Cost datasheet_v2'!O19)^(2040-'[7]★Cost datasheet_v2'!$D19) -> 1633610.9 | P19: ='[7]★Cost datasheet_v2'!F19*(1+'[7]★Cost datasheet_v2'!P19)^(2040-'[7]★Cost datasheet_v2'!$D19) -> 36430.881 | Q19: ='[7]★Cost datasheet_v2'!G19*(1+'[7]★Cost datasheet_v2'!Q19)^(2040-'[7]★Cost datasheet_v2'!$D19) -> #REF! | R19: ='[7]★Cost datasheet_v2'!H19*(1+'[7]★Cost datasheet_v2'!R19)^(2040-'[7]★Cost datasheet_v2'!$D19) -> #REF! | S19: ='[7]★Cost datasheet_v2'!E19*(1+'[7]★Cost datasheet_v2'!O19)^(2050-'[7]★Cost datasheet_v2'!$D19) -> 1261763.2 | T19: ='[7]★Cost datasheet_v2'!F19*(1+'[7]★Cost datasheet_v2'!P19)^(2050-'[7]★Cost datasheet_v2'!$D19) -> 27577.796 | U19: ='[7]★Cost datasheet_v2'!G19*(1+'[7]★Cost datasheet_v2'!Q19)^(2050-'[7]★Cost datasheet_v2'!$D19) -> #REF! | V19: ='[7]★Cost datasheet_v2'!H19*(1+'[7]★Cost datasheet_v2'!R19)^(2050-'[7]★Cost datasheet_v2'!$D19) -> #REF!
B20: EV | C20: ='[7]★Cost datasheet_v2'!E20*(1+'[7]★Cost datasheet_v2'!O20)^(2025-'[7]★Cost datasheet_v2'!$D20) -> #REF! | D20: ='[7]★Cost datasheet_v2'!F20*(1+'[7]★Cost datasheet_v2'!P20)^(2025-'[7]★Cost datasheet_v2'!$D20) -> #REF! | E20: ='[7]★Cost datasheet_v2'!G20*(1+'[7]★Cost datasheet_v2'!Q20)^(2025-'[7]★Cost datasheet_v2'!$D20) -> #REF! | F20: ='[7]★Cost datasheet_v2'!H20*(1+'[7]★Cost datasheet_v2'!R20)^(2025-'[7]★Cost datasheet_v2'!$D20) -> #REF! | G20: ='[7]★Cost datasheet_v2'!E20*(1+'[7]★Cost datasheet_v2'!O20)^(2030-'[7]★Cost datasheet_v2'!$D20) -> #REF! | H20: ='[7]★Cost datasheet_v2'!F20*(1+'[7]★Cost datasheet_v2'!P20)^(2030-'[7]★Cost datasheet_v2'!$D20) -> #REF! | I20: ='[7]★Cost datasheet_v2'!G20*(1+'[7]★Cost datasheet_v2'!Q20)^(2030-'[7]★Cost datasheet_v2'!$D20) -> #REF! | J20: ='[7]★Cost datasheet_v2'!H20*(1+'[7]★Cost datasheet_v2'!R20)^(2030-'[7]★Cost datasheet_v2'!$D20) -> #REF! | K20: ='[7]★Cost datasheet_v2'!E20*(1+'[7]★Cost datasheet_v2'!O20)^(2038-'[7]★Cost datasheet_v2'!$D20) -> #REF! | L20: ='[7]★Cost datasheet_v2'!F20*(1+'[7]★Cost datasheet_v2'!P20)^(2038-'[7]★Cost datasheet_v2'!$D20) -> #REF! | M20: ='[7]★Cost datasheet_v2'!G20*(1+'[7]★Cost datasheet_v2'!Q20)^(2038-'[7]★Cost datasheet_v2'!$D20) -> #REF! | N20: ='[7]★Cost datasheet_v2'!H20*(1+'[7]★Cost datasheet_v2'!R20)^(2038-'[7]★Cost datasheet_v2'!$D20) -> #REF! | O20: ='[7]★Cost datasheet_v2'!E20*(1+'[7]★Cost datasheet_v2'!O20)^(2040-'[7]★Cost datasheet_v2'!$D20) -> #REF! | P20: ='[7]★Cost datasheet_v2'!F20*(1+'[7]★Cost datasheet_v2'!P20)^(2040-'[7]★Cost datasheet_v2'!$D20) -> #REF! | Q20: ='[7]★Cost datasheet_v2'!G20*(1+'[7]★Cost datasheet_v2'!Q20)^(2040-'[7]★Cost datasheet_v2'!$D20) -> #REF! | R20: ='[7]★Cost datasheet_v2'!H20*(1+'[7]★Cost datasheet_v2'!R20)^(2040-'[7]★Cost datasheet_v2'!$D20) -> #REF! | S20: ='[7]★Cost datasheet_v2'!E20*(1+'[7]★Cost datasheet_v2'!O20)^(2050-'[7]★Cost datasheet_v2'!$D20) -> #REF! | T20: ='[7]★Cost datasheet_v2'!F20*(1+'[7]★Cost datasheet_v2'!P20)^(2050-'[7]★Cost datasheet_v2'!$D20) -> #REF! | U20: ='[7]★Cost datasheet_v2'!G20*(1+'[7]★Cost datasheet_v2'!Q20)^(2050-'[7]★Cost datasheet_v2'!$D20) -> #REF! | V20: ='[7]★Cost datasheet_v2'!H20*(1+'[7]★Cost datasheet_v2'!R20)^(2050-'[7]★Cost datasheet_v2'!$D20) -> #REF!
B21: Electrolyzer (PEM) 100MW | C21: ='[7]★Cost datasheet_v2'!E21*(1+'[7]★Cost datasheet_v2'!O21)^(2025-'[7]★Cost datasheet_v2'!$D21) -> 1558727.4 | D21: ='[7]★Cost datasheet_v2'!F21*(1+'[7]★Cost datasheet_v2'!P21)^(2025-'[7]★Cost datasheet_v2'!$D21) -> 34985.08 | E21: ='[7]★Cost datasheet_v2'!G21*(1+'[7]★Cost datasheet_v2'!Q21)^(2025-'[7]★Cost datasheet_v2'!$D21) -> #REF! | F21: ='[7]★Cost datasheet_v2'!H21*(1+'[7]★Cost datasheet_v2'!R21)^(2025-'[7]★Cost datasheet_v2'!$D21) -> #REF! | G21: ='[7]★Cost datasheet_v2'!E21*(1+'[7]★Cost datasheet_v2'!O21)^(2030-'[7]★Cost datasheet_v2'!$D21) -> 1388952.7 | H21: ='[7]★Cost datasheet_v2'!F21*(1+'[7]★Cost datasheet_v2'!P21)^(2030-'[7]★Cost datasheet_v2'!$D21) -> 34985.08 | I21: ='[7]★Cost datasheet_v2'!G21*(1+'[7]★Cost datasheet_v2'!Q21)^(2030-'[7]★Cost datasheet_v2'!$D21) -> #REF! | J21: ='[7]★Cost datasheet_v2'!H21*(1+'[7]★Cost datasheet_v2'!R21)^(2030-'[7]★Cost datasheet_v2'!$D21) -> #REF! | K21: ='[7]★Cost datasheet_v2'!E21*(1+'[7]★Cost datasheet_v2'!O21)^(2038-'[7]★Cost datasheet_v2'!$D21) -> 1154928.6 | L21: ='[7]★Cost datasheet_v2'!F21*(1+'[7]★Cost datasheet_v2'!P21)^(2038-'[7]★Cost datasheet_v2'!$D21) -> 34985.08 | M21: ='[7]★Cost datasheet_v2'!G21*(1+'[7]★Cost datasheet_v2'!Q21)^(2038-'[7]★Cost datasheet_v2'!$D21) -> #REF! | N21: ='[7]★Cost datasheet_v2'!H21*(1+'[7]★Cost datasheet_v2'!R21)^(2038-'[7]★Cost datasheet_v2'!$D21) -> #REF! | O21: ='[7]★Cost datasheet_v2'!E21*(1+'[7]★Cost datasheet_v2'!O21)^(2040-'[7]★Cost datasheet_v2'!$D21) -> 1102864.2 | P21: ='[7]★Cost datasheet_v2'!F21*(1+'[7]★Cost datasheet_v2'!P21)^(2040-'[7]★Cost datasheet_v2'!$D21) -> 34985.08 | Q21: ='[7]★Cost datasheet_v2'!G21*(1+'[7]★Cost datasheet_v2'!Q21)^(2040-'[7]★Cost datasheet_v2'!$D21) -> #REF! | R21: ='[7]★Cost datasheet_v2'!H21*(1+'[7]★Cost datasheet_v2'!R21)^(2040-'[7]★Cost datasheet_v2'!$D21) -> #REF! | S21: ='[7]★Cost datasheet_v2'!E21*(1+'[7]★Cost datasheet_v2'!O21)^(2050-'[7]★Cost datasheet_v2'!$D21) -> 875702.57 | T21: ='[7]★Cost datasheet_v2'!F21*(1+'[7]★Cost datasheet_v2'!P21)^(2050-'[7]★Cost datasheet_v2'!$D21) -> 34985.08 | U21: ='[7]★Cost datasheet_v2'!G21*(1+'[7]★Cost datasheet_v2'!Q21)^(2050-'[7]★Cost datasheet_v2'!$D21) -> #REF! | V21: ='[7]★Cost datasheet_v2'!H21*(1+'[7]★Cost datasheet_v2'!R21)^(2050-'[7]★Cost datasheet_v2'!$D21) -> #REF!
B22: Electrolyzer (AEC) 100MW | C22: ='[7]★Cost datasheet_v2'!E22*(1+'[7]★Cost datasheet_v2'!O22)^(2025-'[7]★Cost datasheet_v2'!$D22) -> 1438825.3 | D22: ='[7]★Cost datasheet_v2'!F22*(1+'[7]★Cost datasheet_v2'!P22)^(2025-'[7]★Cost datasheet_v2'!$D22) -> 64587.84 | E22: ='[7]★Cost datasheet_v2'!G22*(1+'[7]★Cost datasheet_v2'!Q22)^(2025-'[7]★Cost datasheet_v2'!$D22) -> #REF! | F22: ='[7]★Cost datasheet_v2'!H22*(1+'[7]★Cost datasheet_v2'!R22)^(2025-'[7]★Cost datasheet_v2'!$D22) -> #REF! | G22: ='[7]★Cost datasheet_v2'!E22*(1+'[7]★Cost datasheet_v2'!O22)^(2030-'[7]★Cost datasheet_v2'!$D22) -> 1282110.2 | H22: ='[7]★Cost datasheet_v2'!F22*(1+'[7]★Cost datasheet_v2'!P22)^(2030-'[7]★Cost datasheet_v2'!$D22) -> 64587.84 | I22: ='[7]★Cost datasheet_v2'!G22*(1+'[7]★Cost datasheet_v2'!Q22)^(2030-'[7]★Cost datasheet_v2'!$D22) -> #REF! | J22: ='[7]★Cost datasheet_v2'!H22*(1+'[7]★Cost datasheet_v2'!R22)^(2030-'[7]★Cost datasheet_v2'!$D22) -> #REF! | K22: ='[7]★Cost datasheet_v2'!E22*(1+'[7]★Cost datasheet_v2'!O22)^(2038-'[7]★Cost datasheet_v2'!$D22) -> 1066087.9 | L22: ='[7]★Cost datasheet_v2'!F22*(1+'[7]★Cost datasheet_v2'!P22)^(2038-'[7]★Cost datasheet_v2'!$D22) -> 64587.84 | M22: ='[7]★Cost datasheet_v2'!G22*(1+'[7]★Cost datasheet_v2'!Q22)^(2038-'[7]★Cost datasheet_v2'!$D22) -> #REF! | N22: ='[7]★Cost datasheet_v2'!H22*(1+'[7]★Cost datasheet_v2'!R22)^(2038-'[7]★Cost datasheet_v2'!$D22) -> #REF! | O22: ='[7]★Cost datasheet_v2'!E22*(1+'[7]★Cost datasheet_v2'!O22)^(2040-'[7]★Cost datasheet_v2'!$D22) -> 1018028.5 | P22: ='[7]★Cost datasheet_v2'!F22*(1+'[7]★Cost datasheet_v2'!P22)^(2040-'[7]★Cost datasheet_v2'!$D22) -> 64587.84 | Q22: ='[7]★Cost datasheet_v2'!G22*(1+'[7]★Cost datasheet_v2'!Q22)^(2040-'[7]★Cost datasheet_v2'!$D22) -> #REF! | R22: ='[7]★Cost datasheet_v2'!H22*(1+'[7]★Cost datasheet_v2'!R22)^(2040-'[7]★Cost datasheet_v2'!$D22) -> #REF! | S22: ='[7]★Cost datasheet_v2'!E22*(1+'[7]★Cost datasheet_v2'!O22)^(2050-'[7]★Cost datasheet_v2'!$D22) -> 808340.83 | T22: ='[7]★Cost datasheet_v2'!F22*(1+'[7]★Cost datasheet_v2'!P22)^(2050-'[7]★Cost datasheet_v2'!$D22) -> 64587.84 | U22: ='[7]★Cost datasheet_v2'!G22*(1+'[7]★Cost datasheet_v2'!Q22)^(2050-'[7]★Cost datasheet_v2'!$D22) -> #REF! | V22: ='[7]★Cost datasheet_v2'!H22*(1+'[7]★Cost datasheet_v2'!R22)^(2050-'[7]★Cost datasheet_v2'!$D22) -> #REF!
B23: Fuel Cell (SOFC-CHP) 2.5MW_e | C23: ='[7]★Cost datasheet_v2'!E23*(1+'[7]★Cost datasheet_v2'!O23)^(2025-'[7]★Cost datasheet_v2'!$D23) -> 4353752.9 | D23: ='[7]★Cost datasheet_v2'!F23*(1+'[7]★Cost datasheet_v2'!P23)^(2025-'[7]★Cost datasheet_v2'!$D23) -> 236090.76 | E23: ='[7]★Cost datasheet_v2'!G23*(1+'[7]★Cost datasheet_v2'!Q23)^(2025-'[7]★Cost datasheet_v2'!$D23) -> #REF! | F23: ='[7]★Cost datasheet_v2'!H23*(1+'[7]★Cost datasheet_v2'!R23)^(2025-'[7]★Cost datasheet_v2'!$D23) -> #REF! | G23: ='[7]★Cost datasheet_v2'!E23*(1+'[7]★Cost datasheet_v2'!O23)^(2030-'[7]★Cost datasheet_v2'!$D23) -> 4014380.9 | H23: ='[7]★Cost datasheet_v2'!F23*(1+'[7]★Cost datasheet_v2'!P23)^(2030-'[7]★Cost datasheet_v2'!$D23) -> 236090.76 | I23: ='[7]★Cost datasheet_v2'!G23*(1+'[7]★Cost datasheet_v2'!Q23)^(2030-'[7]★Cost datasheet_v2'!$D23) -> #REF! | J23: ='[7]★Cost datasheet_v2'!H23*(1+'[7]★Cost datasheet_v2'!R23)^(2030-'[7]★Cost datasheet_v2'!$D23) -> #REF! | K23: ='[7]★Cost datasheet_v2'!E23*(1+'[7]★Cost datasheet_v2'!O23)^(2038-'[7]★Cost datasheet_v2'!$D23) -> 3525545 | L23: ='[7]★Cost datasheet_v2'!F23*(1+'[7]★Cost datasheet_v2'!P23)^(2038-'[7]★Cost datasheet_v2'!$D23) -> 236090.76 | M23: ='[7]★Cost datasheet_v2'!G23*(1+'[7]★Cost datasheet_v2'!Q23)^(2038-'[7]★Cost datasheet_v2'!$D23) -> #REF! | N23: ='[7]★Cost datasheet_v2'!H23*(1+'[7]★Cost datasheet_v2'!R23)^(2038-'[7]★Cost datasheet_v2'!$D23) -> #REF! | O23: ='[7]★Cost datasheet_v2'!E23*(1+'[7]★Cost datasheet_v2'!O23)^(2040-'[7]★Cost datasheet_v2'!$D23) -> 3412936.3 | P23: ='[7]★Cost datasheet_v2'!F23*(1+'[7]★Cost datasheet_v2'!P23)^(2040-'[7]★Cost datasheet_v2'!$D23) -> 236090.76 | Q23: ='[7]★Cost datasheet_v2'!G23*(1+'[7]★Cost datasheet_v2'!Q23)^(2040-'[7]★Cost datasheet_v2'!$D23) -> #REF! | R23: ='[7]★Cost datasheet_v2'!H23*(1+'[7]★Cost datasheet_v2'!R23)^(2040-'[7]★Cost datasheet_v2'!$D23) -> #REF! | S23: ='[7]★Cost datasheet_v2'!E23*(1+'[7]★Cost datasheet_v2'!O23)^(2050-'[7]★Cost datasheet_v2'!$D23) -> 2901601.7 | T23: ='[7]★Cost datasheet_v2'!F23*(1+'[7]★Cost datasheet_v2'!P23)^(2050-'[7]★Cost datasheet_v2'!$D23) -> 236090.76 | U23: ='[7]★Cost datasheet_v2'!G23*(1+'[7]★Cost datasheet_v2'!Q23)^(2050-'[7]★Cost datasheet_v2'!$D23) -> #REF! | V23: ='[7]★Cost datasheet_v2'!H23*(1+'[7]★Cost datasheet_v2'!R23)^(2050-'[7]★Cost datasheet_v2'!$D23) -> #REF!
B24: Fuel Cell (LT-PEMFC CHP) 0.1MW_e | C24: ='[7]★Cost datasheet_v2'!E24*(1+'[7]★Cost datasheet_v2'!O24)^(2025-'[7]★Cost datasheet_v2'!$D24) -> 1715114.8 | D24: ='[7]★Cost datasheet_v2'!F24*(1+'[7]★Cost datasheet_v2'!P24)^(2025-'[7]★Cost datasheet_v2'!$D24) -> 93005.449 | E24: ='[7]★Cost datasheet_v2'!G24*(1+'[7]★Cost datasheet_v2'!Q24)^(2025-'[7]★Cost datasheet_v2'!$D24) -> #REF! | F24: ='[7]★Cost datasheet_v2'!H24*(1+'[7]★Cost datasheet_v2'!R24)^(2025-'[7]★Cost datasheet_v2'!$D24) -> #REF! | G24: ='[7]★Cost datasheet_v2'!E24*(1+'[7]★Cost datasheet_v2'!O24)^(2030-'[7]★Cost datasheet_v2'!$D24) -> 1581422.8 | H24: ='[7]★Cost datasheet_v2'!F24*(1+'[7]★Cost datasheet_v2'!P24)^(2030-'[7]★Cost datasheet_v2'!$D24) -> 93005.449 | I24: ='[7]★Cost datasheet_v2'!G24*(1+'[7]★Cost datasheet_v2'!Q24)^(2030-'[7]★Cost datasheet_v2'!$D24) -> #REF! | J24: ='[7]★Cost datasheet_v2'!H24*(1+'[7]★Cost datasheet_v2'!R24)^(2030-'[7]★Cost datasheet_v2'!$D24) -> #REF! | K24: ='[7]★Cost datasheet_v2'!E24*(1+'[7]★Cost datasheet_v2'!O24)^(2038-'[7]★Cost datasheet_v2'!$D24) -> 1388851.1 | L24: ='[7]★Cost datasheet_v2'!F24*(1+'[7]★Cost datasheet_v2'!P24)^(2038-'[7]★Cost datasheet_v2'!$D24) -> 93005.449 | M24: ='[7]★Cost datasheet_v2'!G24*(1+'[7]★Cost datasheet_v2'!Q24)^(2038-'[7]★Cost datasheet_v2'!$D24) -> #REF! | N24: ='[7]★Cost datasheet_v2'!H24*(1+'[7]★Cost datasheet_v2'!R24)^(2038-'[7]★Cost datasheet_v2'!$D24) -> #REF! | O24: ='[7]★Cost datasheet_v2'!E24*(1+'[7]★Cost datasheet_v2'!O24)^(2040-'[7]★Cost datasheet_v2'!$D24) -> 1344490.1 | P24: ='[7]★Cost datasheet_v2'!F24*(1+'[7]★Cost datasheet_v2'!P24)^(2040-'[7]★Cost datasheet_v2'!$D24) -> 93005.449 | Q24: ='[7]★Cost datasheet_v2'!G24*(1+'[7]★Cost datasheet_v2'!Q24)^(2040-'[7]★Cost datasheet_v2'!$D24) -> #REF! | R24: ='[7]★Cost datasheet_v2'!H24*(1+'[7]★Cost datasheet_v2'!R24)^(2040-'[7]★Cost datasheet_v2'!$D24) -> #REF! | S24: ='[7]★Cost datasheet_v2'!E24*(1+'[7]★Cost datasheet_v2'!O24)^(2050-'[7]★Cost datasheet_v2'!$D24) -> 1143055.2 | T24: ='[7]★Cost datasheet_v2'!F24*(1+'[7]★Cost datasheet_v2'!P24)^(2050-'[7]★Cost datasheet_v2'!$D24) -> 93005.449 | U24: ='[7]★Cost datasheet_v2'!G24*(1+'[7]★Cost datasheet_v2'!Q24)^(2050-'[7]★Cost datasheet_v2'!$D24) -> #REF! | V24: ='[7]★Cost datasheet_v2'!H24*(1+'[7]★Cost datasheet_v2'!R24)^(2050-'[7]★Cost datasheet_v2'!$D24) -> #REF!
B25: Heatpump (kW) | C25: ='[7]★Cost datasheet_v2'!E25*(1+'[7]★Cost datasheet_v2'!O25)^(2025-'[7]★Cost datasheet_v2'!$D25) -> 1400000 | D25: ='[7]★Cost datasheet_v2'!F25*(1+'[7]★Cost datasheet_v2'!P25)^(2025-'[7]★Cost datasheet_v2'!$D25) -> 60015.604 | E25: ='[7]★Cost datasheet_v2'!G25*(1+'[7]★Cost datasheet_v2'!Q25)^(2025-'[7]★Cost datasheet_v2'!$D25) -> #REF! | F25: ='[7]★Cost datasheet_v2'!H25*(1+'[7]★Cost datasheet_v2'!R25)^(2025-'[7]★Cost datasheet_v2'!$D25) -> #REF! | G25: ='[7]★Cost datasheet_v2'!E25*(1+'[7]★Cost datasheet_v2'!O25)^(2030-'[7]★Cost datasheet_v2'!$D25) -> 1345150.1 | H25: ='[7]★Cost datasheet_v2'!F25*(1+'[7]★Cost datasheet_v2'!P25)^(2030-'[7]★Cost datasheet_v2'!$D25) -> 55737.682 | I25: ='[7]★Cost datasheet_v2'!G25*(1+'[7]★Cost datasheet_v2'!Q25)^(2030-'[7]★Cost datasheet_v2'!$D25) -> #REF! | J25: ='[7]★Cost datasheet_v2'!H25*(1+'[7]★Cost datasheet_v2'!R25)^(2030-'[7]★Cost datasheet_v2'!$D25) -> #REF! | K25: ='[7]★Cost datasheet_v2'!E25*(1+'[7]★Cost datasheet_v2'!O25)^(2038-'[7]★Cost datasheet_v2'!$D25) -> 1261824.9 | L25: ='[7]★Cost datasheet_v2'!F25*(1+'[7]★Cost datasheet_v2'!P25)^(2038-'[7]★Cost datasheet_v2'!$D25) -> 49518.154 | M25: ='[7]★Cost datasheet_v2'!G25*(1+'[7]★Cost datasheet_v2'!Q25)^(2038-'[7]★Cost datasheet_v2'!$D25) -> #REF! | N25: ='[7]★Cost datasheet_v2'!H25*(1+'[7]★Cost datasheet_v2'!R25)^(2038-'[7]★Cost datasheet_v2'!$D25) -> #REF! | O25: ='[7]★Cost datasheet_v2'!E25*(1+'[7]★Cost datasheet_v2'!O25)^(2040-'[7]★Cost datasheet_v2'!$D25) -> 1241812.9 | P25: ='[7]★Cost datasheet_v2'!F25*(1+'[7]★Cost datasheet_v2'!P25)^(2040-'[7]★Cost datasheet_v2'!$D25) -> 48074.894 | Q25: ='[7]★Cost datasheet_v2'!G25*(1+'[7]★Cost datasheet_v2'!Q25)^(2040-'[7]★Cost datasheet_v2'!$D25) -> #REF! | R25: ='[7]★Cost datasheet_v2'!H25*(1+'[7]★Cost datasheet_v2'!R25)^(2040-'[7]★Cost datasheet_v2'!$D25) -> #REF! | S25: ='[7]★Cost datasheet_v2'!E25*(1+'[7]★Cost datasheet_v2'!O25)^(2050-'[7]★Cost datasheet_v2'!$D25) -> 1146414.2 | T25: ='[7]★Cost datasheet_v2'!F25*(1+'[7]★Cost datasheet_v2'!P25)^(2050-'[7]★Cost datasheet_v2'!$D25) -> 41465.583 | U25: ='[7]★Cost datasheet_v2'!G25*(1+'[7]★Cost datasheet_v2'!Q25)^(2050-'[7]★Cost datasheet_v2'!$D25) -> #REF! | V25: ='[7]★Cost datasheet_v2'!H25*(1+'[7]★Cost datasheet_v2'!R25)^(2050-'[7]★Cost datasheet_v2'!$D25) -> #REF!
C26: CAPEX/ MCI (원/KWh Capacity) | D26: Fixed O&M (원/kW/yr) | E26: - | F26: - | G26: CAPEX/ MCI (원/KWh Capacity) | H26: Fixed O&M (원/kW/yr) | I26: - | J26: - | K26: CAPEX/ MCI (원/KWh Capacity) | L26: Fixed O&M (원/kW/yr) | M26: - | N26: - | O26: CAPEX/ MCI (원/KWh Capacity) | P26: Fixed O&M (원/kW/yr) | Q26: - | R26: - | S26: CAPEX/ MCI (원/KWh Capacity) | T26: Fixed O&M (원/kW/yr) | U26: - | V26: -
A27: Storage | B27: Hydrogen Storage (Physical) | C27: ='[7]★Cost datasheet_v2'!E27*(1+'[7]★Cost datasheet_v2'!O27)^(2025-'[7]★Cost datasheet_v2'!$D27) -> 82080.38 | D27: ='[7]★Cost datasheet_v2'!F27*(1+'[7]★Cost datasheet_v2'!P27)^(2025-'[7]★Cost datasheet_v2'!$D27) -> 858.53386 | E27: ='[7]★Cost datasheet_v2'!G27*(1+'[7]★Cost datasheet_v2'!Q27)^(2025-'[7]★Cost datasheet_v2'!$D27) -> #REF! | F27: ='[7]★Cost datasheet_v2'!H27*(1+'[7]★Cost datasheet_v2'!R27)^(2025-'[7]★Cost datasheet_v2'!$D27) -> #REF! | G27: ='[7]★Cost datasheet_v2'!E27*(1+'[7]★Cost datasheet_v2'!O27)^(2030-'[7]★Cost datasheet_v2'!$D27) -> 82080.38 | H27: ='[7]★Cost datasheet_v2'!F27*(1+'[7]★Cost datasheet_v2'!P27)^(2030-'[7]★Cost datasheet_v2'!$D27) -> 858.53386 | I27: ='[7]★Cost datasheet_v2'!G27*(1+'[7]★Cost datasheet_v2'!Q27)^(2030-'[7]★Cost datasheet_v2'!$D27) -> #REF! | J27: ='[7]★Cost datasheet_v2'!H27*(1+'[7]★Cost datasheet_v2'!R27)^(2030-'[7]★Cost datasheet_v2'!$D27) -> #REF! | K27: ='[7]★Cost datasheet_v2'!E27*(1+'[7]★Cost datasheet_v2'!O27)^(2038-'[7]★Cost datasheet_v2'!$D27) -> 82080.38 | L27: ='[7]★Cost datasheet_v2'!F27*(1+'[7]★Cost datasheet_v2'!P27)^(2038-'[7]★Cost datasheet_v2'!$D27) -> 858.53386 | M27: ='[7]★Cost datasheet_v2'!G27*(1+'[7]★Cost datasheet_v2'!Q27)^(2038-'[7]★Cost datasheet_v2'!$D27) -> #REF! | N27: ='[7]★Cost datasheet_v2'!H27*(1+'[7]★Cost datasheet_v2'!R27)^(2038-'[7]★Cost datasheet_v2'!$D27) -> #REF! | O27: ='[7]★Cost datasheet_v2'!E27*(1+'[7]★Cost datasheet_v2'!O27)^(2040-'[7]★Cost datasheet_v2'!$D27) -> 82080.38 | P27: ='[7]★Cost datasheet_v2'!F27*(1+'[7]★Cost datasheet_v2'!P27)^(2040-'[7]★Cost datasheet_v2'!$D27) -> 858.53386 | Q27: ='[7]★Cost datasheet_v2'!G27*(1+'[7]★Cost datasheet_v2'!Q27)^(2040-'[7]★Cost datasheet_v2'!$D27) -> #REF! | R27: ='[7]★Cost datasheet_v2'!H27*(1+'[7]★Cost datasheet_v2'!R27)^(2040-'[7]★Cost datasheet_v2'!$D27) -> #REF! | S27: ='[7]★Cost datasheet_v2'!E27*(1+'[7]★Cost datasheet_v2'!O27)^(2050-'[7]★Cost datasheet_v2'!$D27) -> 82080.38 | T27: ='[7]★Cost datasheet_v2'!F27*(1+'[7]★Cost datasheet_v2'!P27)^(2050-'[7]★Cost datasheet_v2'!$D27) -> 858.53386 | U27: ='[7]★Cost datasheet_v2'!G27*(1+'[7]★Cost datasheet_v2'!Q27)^(2050-'[7]★Cost datasheet_v2'!$D27) -> #REF! | V27: ='[7]★Cost datasheet_v2'!H27*(1+'[7]★Cost datasheet_v2'!R27)^(2050-'[7]★Cost datasheet_v2'!$D27) -> #REF!
C28: CAPEX/ MCI (원/KWh Capacity) | D28: Fixed O&M (원/tank/yr) | E28: - | F28: - | G28: CAPEX/ MCI (원/KWh Capacity) | H28: Fixed O&M (원/tank/yr) | I28: - | J28: - | K28: CAPEX/ MCI (원/KWh Capacity) | L28: Fixed O&M (원/tank/yr) | M28: - | N28: - | O28: CAPEX/ MCI (원/KWh Capacity) | P28: Fixed O&M (원/tank/yr) | Q28: - | R28: - | S28: CAPEX/ MCI (원/KWh Capacity) | T28: Fixed O&M (원/tank/yr) | U28: - | V28: -
B29: Heat Storage (small-scale) | C29: ='[7]★Cost datasheet_v2'!E29*(1+'[7]★Cost datasheet_v2'!O29)^(2025-'[7]★Cost datasheet_v2'!$D29) -> 565143.6 | D29: ='[7]★Cost datasheet_v2'!F29*(1+'[7]★Cost datasheet_v2'!P29)^(2025-'[7]★Cost datasheet_v2'!$D29) -> 68624.58 | E29: ='[7]★Cost datasheet_v2'!G29*(1+'[7]★Cost datasheet_v2'!Q29)^(2025-'[7]★Cost datasheet_v2'!$D29) -> #REF! | F29: ='[7]★Cost datasheet_v2'!H29*(1+'[7]★Cost datasheet_v2'!R29)^(2025-'[7]★Cost datasheet_v2'!$D29) -> #REF! | G29: ='[7]★Cost datasheet_v2'!E29*(1+'[7]★Cost datasheet_v2'!O29)^(2030-'[7]★Cost datasheet_v2'!$D29) -> 565143.6 | H29: ='[7]★Cost datasheet_v2'!F29*(1+'[7]★Cost datasheet_v2'!P29)^(2030-'[7]★Cost datasheet_v2'!$D29) -> 68624.58 | I29: ='[7]★Cost datasheet_v2'!G29*(1+'[7]★Cost datasheet_v2'!Q29)^(2030-'[7]★Cost datasheet_v2'!$D29) -> #REF! | J29: ='[7]★Cost datasheet_v2'!H29*(1+'[7]★Cost datasheet_v2'!R29)^(2030-'[7]★Cost datasheet_v2'!$D29) -> #REF! | K29: ='[7]★Cost datasheet_v2'!E29*(1+'[7]★Cost datasheet_v2'!O29)^(2038-'[7]★Cost datasheet_v2'!$D29) -> 565143.6 | L29: ='[7]★Cost datasheet_v2'!F29*(1+'[7]★Cost datasheet_v2'!P29)^(2038-'[7]★Cost datasheet_v2'!$D29) -> 68624.58 | M29: ='[7]★Cost datasheet_v2'!G29*(1+'[7]★Cost datasheet_v2'!Q29)^(2038-'[7]★Cost datasheet_v2'!$D29) -> #REF! | N29: ='[7]★Cost datasheet_v2'!H29*(1+'[7]★Cost datasheet_v2'!R29)^(2038-'[7]★Cost datasheet_v2'!$D29) -> #REF! | O29: ='[7]★Cost datasheet_v2'!E29*(1+'[7]★Cost datasheet_v2'!O29)^(2040-'[7]★Cost datasheet_v2'!$D29) -> 565143.6 | P29: ='[7]★Cost datasheet_v2'!F29*(1+'[7]★Cost datasheet_v2'!P29)^(2040-'[7]★Cost datasheet_v2'!$D29) -> 68624.58 | Q29: ='[7]★Cost datasheet_v2'!G29*(1+'[7]★Cost datasheet_v2'!Q29)^(2040-'[7]★Cost datasheet_v2'!$D29) -> #REF! | R29: ='[7]★Cost datasheet_v2'!H29*(1+'[7]★Cost datasheet_v2'!R29)^(2040-'[7]★Cost datasheet_v2'!$D29) -> #REF! | S29: ='[7]★Cost datasheet_v2'!E29*(1+'[7]★Cost datasheet_v2'!O29)^(2050-'[7]★Cost datasheet_v2'!$D29) -> 565143.6 | T29: ='[7]★Cost datasheet_v2'!F29*(1+'[7]★Cost datasheet_v2'!P29)^(2050-'[7]★Cost datasheet_v2'!$D29) -> 68624.58 | U29: ='[7]★Cost datasheet_v2'!G29*(1+'[7]★Cost datasheet_v2'!Q29)^(2050-'[7]★Cost datasheet_v2'!$D29) -> #REF! | V29: ='[7]★Cost datasheet_v2'!H29*(1+'[7]★Cost datasheet_v2'!R29)^(2050-'[7]★Cost datasheet_v2'!$D29) -> #REF!
B30: 축열조 | C30: ='[7]★Cost datasheet_v2'!E30*(1+'[7]★Cost datasheet_v2'!O30)^(2025-'[7]★Cost datasheet_v2'!$D30) -> 57361.377 | D30: ='[7]★Cost datasheet_v2'!F30*(1+'[7]★Cost datasheet_v2'!P30)^(2025-'[7]★Cost datasheet_v2'!$D30) -> 6965.31 | E30: ='[7]★Cost datasheet_v2'!G30*(1+'[7]★Cost datasheet_v2'!Q30)^(2025-'[7]★Cost datasheet_v2'!$D30) -> #REF! | F30: ='[7]★Cost datasheet_v2'!H30*(1+'[7]★Cost datasheet_v2'!R30)^(2025-'[7]★Cost datasheet_v2'!$D30) -> #REF! | G30: ='[7]★Cost datasheet_v2'!E30*(1+'[7]★Cost datasheet_v2'!O30)^(2030-'[7]★Cost datasheet_v2'!$D30) -> 57361.377 | H30: ='[7]★Cost datasheet_v2'!F30*(1+'[7]★Cost datasheet_v2'!P30)^(2030-'[7]★Cost datasheet_v2'!$D30) -> 6965.31 | I30: ='[7]★Cost datasheet_v2'!G30*(1+'[7]★Cost datasheet_v2'!Q30)^(2030-'[7]★Cost datasheet_v2'!$D30) -> #REF! | J30: ='[7]★Cost datasheet_v2'!H30*(1+'[7]★Cost datasheet_v2'!R30)^(2030-'[7]★Cost datasheet_v2'!$D30) -> #REF! | K30: ='[7]★Cost datasheet_v2'!E30*(1+'[7]★Cost datasheet_v2'!O30)^(2038-'[7]★Cost datasheet_v2'!$D30) -> 57361.377 | L30: ='[7]★Cost datasheet_v2'!F30*(1+'[7]★Cost datasheet_v2'!P30)^(2038-'[7]★Cost datasheet_v2'!$D30) -> 6965.31 | M30: ='[7]★Cost datasheet_v2'!G30*(1+'[7]★Cost datasheet_v2'!Q30)^(2038-'[7]★Cost datasheet_v2'!$D30) -> #REF! | N30: ='[7]★Cost datasheet_v2'!H30*(1+'[7]★Cost datasheet_v2'!R30)^(2038-'[7]★Cost datasheet_v2'!$D30) -> #REF! | O30: ='[7]★Cost datasheet_v2'!E30*(1+'[7]★Cost datasheet_v2'!O30)^(2040-'[7]★Cost datasheet_v2'!$D30) -> 57361.377 | P30: ='[7]★Cost datasheet_v2'!F30*(1+'[7]★Cost datasheet_v2'!P30)^(2040-'[7]★Cost datasheet_v2'!$D30) -> 6965.31 | Q30: ='[7]★Cost datasheet_v2'!G30*(1+'[7]★Cost datasheet_v2'!Q30)^(2040-'[7]★Cost datasheet_v2'!$D30) -> #REF! | R30: ='[7]★Cost datasheet_v2'!H30*(1+'[7]★Cost datasheet_v2'!R30)^(2040-'[7]★Cost datasheet_v2'!$D30) -> #REF! | S30: ='[7]★Cost datasheet_v2'!E30*(1+'[7]★Cost datasheet_v2'!O30)^(2050-'[7]★Cost datasheet_v2'!$D30) -> 57361.377 | T30: ='[7]★Cost datasheet_v2'!F30*(1+'[7]★Cost datasheet_v2'!P30)^(2050-'[7]★Cost datasheet_v2'!$D30) -> 6965.31 | U30: ='[7]★Cost datasheet_v2'!G30*(1+'[7]★Cost datasheet_v2'!Q30)^(2050-'[7]★Cost datasheet_v2'!$D30) -> #REF! | V30: ='[7]★Cost datasheet_v2'!H30*(1+'[7]★Cost datasheet_v2'!R30)^(2050-'[7]★Cost datasheet_v2'!$D30) -> #REF!
C31: CAPEX/ MCI (원/Km) | D31: Fixed O&M (원/km/yr) | E31: - | F31: - | G31: CAPEX/ MCI (원/Km) | H31: Fixed O&M (원/km/yr) | I31: - | J31: - | K31: CAPEX/ MCI (원/Km) | L31: Fixed O&M (원/km/yr) | M31: - | N31: - | O31: CAPEX/ MCI (원/Km) | P31: Fixed O&M (원/km/yr) | Q31: - | R31: - | S31: CAPEX/ MCI (원/Km) | T31: Fixed O&M (원/km/yr) | U31: - | V31: -
A32: Transmission | B32: Transmission lines 345kV | C32: ='[7]★Cost datasheet_v2'!E32*(1+'[7]★Cost datasheet_v2'!O32)^(2025-'[7]★Cost datasheet_v2'!$D32) -> 7.3231939e+09 | D32: ='[7]★Cost datasheet_v2'!F32*(1+'[7]★Cost datasheet_v2'!P32)^(2025-'[7]★Cost datasheet_v2'!$D32) -> 37402211 | E32: ='[7]★Cost datasheet_v2'!G32*(1+'[7]★Cost datasheet_v2'!Q32)^(2025-'[7]★Cost datasheet_v2'!$D32) -> #REF! | F32: ='[7]★Cost datasheet_v2'!H32*(1+'[7]★Cost datasheet_v2'!R32)^(2025-'[7]★Cost datasheet_v2'!$D32) -> #REF! | G32: ='[7]★Cost datasheet_v2'!E32*(1+'[7]★Cost datasheet_v2'!O32)^(2030-'[7]★Cost datasheet_v2'!$D32) -> 7.3231939e+09 | H32: ='[7]★Cost datasheet_v2'!F32*(1+'[7]★Cost datasheet_v2'!P32)^(2030-'[7]★Cost datasheet_v2'!$D32) -> 37672992 | I32: ='[7]★Cost datasheet_v2'!G32*(1+'[7]★Cost datasheet_v2'!Q32)^(2030-'[7]★Cost datasheet_v2'!$D32) -> #REF! | J32: ='[7]★Cost datasheet_v2'!H32*(1+'[7]★Cost datasheet_v2'!R32)^(2030-'[7]★Cost datasheet_v2'!$D32) -> #REF! | K32: ='[7]★Cost datasheet_v2'!E32*(1+'[7]★Cost datasheet_v2'!O32)^(2038-'[7]★Cost datasheet_v2'!$D32) -> 7.3231939e+09 | L32: ='[7]★Cost datasheet_v2'!F32*(1+'[7]★Cost datasheet_v2'!P32)^(2038-'[7]★Cost datasheet_v2'!$D32) -> 38110324 | M32: ='[7]★Cost datasheet_v2'!G32*(1+'[7]★Cost datasheet_v2'!Q32)^(2038-'[7]★Cost datasheet_v2'!$D32) -> #REF! | N32: ='[7]★Cost datasheet_v2'!H32*(1+'[7]★Cost datasheet_v2'!R32)^(2038-'[7]★Cost datasheet_v2'!$D32) -> #REF! | O32: ='[7]★Cost datasheet_v2'!E32*(1+'[7]★Cost datasheet_v2'!O32)^(2040-'[7]★Cost datasheet_v2'!$D32) -> 7.3231939e+09 | P32: ='[7]★Cost datasheet_v2'!F32*(1+'[7]★Cost datasheet_v2'!P32)^(2040-'[7]★Cost datasheet_v2'!$D32) -> 38220448 | Q32: ='[7]★Cost datasheet_v2'!G32*(1+'[7]★Cost datasheet_v2'!Q32)^(2040-'[7]★Cost datasheet_v2'!$D32) -> #REF! | R32: ='[7]★Cost datasheet_v2'!H32*(1+'[7]★Cost datasheet_v2'!R32)^(2040-'[7]★Cost datasheet_v2'!$D32) -> #REF! | S32: ='[7]★Cost datasheet_v2'!E32*(1+'[7]★Cost datasheet_v2'!O32)^(2050-'[7]★Cost datasheet_v2'!$D32) -> 7.3231939e+09 | T32: ='[7]★Cost datasheet_v2'!F32*(1+'[7]★Cost datasheet_v2'!P32)^(2050-'[7]★Cost datasheet_v2'!$D32) -> 38775861 | U32: ='[7]★Cost datasheet_v2'!G32*(1+'[7]★Cost datasheet_v2'!Q32)^(2050-'[7]★Cost datasheet_v2'!$D32) -> #REF! | V32: ='[7]★Cost datasheet_v2'!H32*(1+'[7]★Cost datasheet_v2'!R32)^(2050-'[7]★Cost datasheet_v2'!$D32) -> #REF!
B33: Transmission lines 500kV | C33: ='[7]★Cost datasheet_v2'!E33*(1+'[7]★Cost datasheet_v2'!O33)^(2025-'[7]★Cost datasheet_v2'!$D33) -> 8.4964047e+09 | D33: ='[7]★Cost datasheet_v2'!F33*(1+'[7]★Cost datasheet_v2'!P33)^(2025-'[7]★Cost datasheet_v2'!$D33) -> 43456876 | E33: ='[7]★Cost datasheet_v2'!G33*(1+'[7]★Cost datasheet_v2'!Q33)^(2025-'[7]★Cost datasheet_v2'!$D33) -> #REF! | F33: ='[7]★Cost datasheet_v2'!H33*(1+'[7]★Cost datasheet_v2'!R33)^(2025-'[7]★Cost datasheet_v2'!$D33) -> #REF! | G33: ='[7]★Cost datasheet_v2'!E33*(1+'[7]★Cost datasheet_v2'!O33)^(2030-'[7]★Cost datasheet_v2'!$D33) -> 8.4964047e+09 | H33: ='[7]★Cost datasheet_v2'!F33*(1+'[7]★Cost datasheet_v2'!P33)^(2030-'[7]★Cost datasheet_v2'!$D33) -> 43771490 | I33: ='[7]★Cost datasheet_v2'!G33*(1+'[7]★Cost datasheet_v2'!Q33)^(2030-'[7]★Cost datasheet_v2'!$D33) -> #REF! | J33: ='[7]★Cost datasheet_v2'!H33*(1+'[7]★Cost datasheet_v2'!R33)^(2030-'[7]★Cost datasheet_v2'!$D33) -> #REF! | K33: ='[7]★Cost datasheet_v2'!E33*(1+'[7]★Cost datasheet_v2'!O33)^(2038-'[7]★Cost datasheet_v2'!$D33) -> 8.4964047e+09 | L33: ='[7]★Cost datasheet_v2'!F33*(1+'[7]★Cost datasheet_v2'!P33)^(2038-'[7]★Cost datasheet_v2'!$D33) -> 44279618 | M33: ='[7]★Cost datasheet_v2'!G33*(1+'[7]★Cost datasheet_v2'!Q33)^(2038-'[7]★Cost datasheet_v2'!$D33) -> #REF! | N33: ='[7]★Cost datasheet_v2'!H33*(1+'[7]★Cost datasheet_v2'!R33)^(2038-'[7]★Cost datasheet_v2'!$D33) -> #REF! | O33: ='[7]★Cost datasheet_v2'!E33*(1+'[7]★Cost datasheet_v2'!O33)^(2040-'[7]★Cost datasheet_v2'!$D33) -> 8.4964047e+09 | P33: ='[7]★Cost datasheet_v2'!F33*(1+'[7]★Cost datasheet_v2'!P33)^(2040-'[7]★Cost datasheet_v2'!$D33) -> 44407569 | Q33: ='[7]★Cost datasheet_v2'!G33*(1+'[7]★Cost datasheet_v2'!Q33)^(2040-'[7]★Cost datasheet_v2'!$D33) -> #REF! | R33: ='[7]★Cost datasheet_v2'!H33*(1+'[7]★Cost datasheet_v2'!R33)^(2040-'[7]★Cost datasheet_v2'!$D33) -> #REF! | S33: ='[7]★Cost datasheet_v2'!E33*(1+'[7]★Cost datasheet_v2'!O33)^(2050-'[7]★Cost datasheet_v2'!$D33) -> 8.4964047e+09 | T33: ='[7]★Cost datasheet_v2'!F33*(1+'[7]★Cost datasheet_v2'!P33)^(2050-'[7]★Cost datasheet_v2'!$D33) -> 45052891 | U33: ='[7]★Cost datasheet_v2'!G33*(1+'[7]★Cost datasheet_v2'!Q33)^(2050-'[7]★Cost datasheet_v2'!$D33) -> #REF! | V33: ='[7]★Cost datasheet_v2'!H33*(1+'[7]★Cost datasheet_v2'!R33)^(2050-'[7]★Cost datasheet_v2'!$D33) -> #REF!
B34: Transmission lines 765kV | C34: ='[7]★Cost datasheet_v2'!E34*(1+'[7]★Cost datasheet_v2'!O34)^(2025-'[7]★Cost datasheet_v2'!$D34) -> 7.6732673e+09 | D34: ='[7]★Cost datasheet_v2'!F34*(1+'[7]★Cost datasheet_v2'!P34)^(2025-'[7]★Cost datasheet_v2'!$D34) -> 39190163 | E34: ='[7]★Cost datasheet_v2'!G34*(1+'[7]★Cost datasheet_v2'!Q34)^(2025-'[7]★Cost datasheet_v2'!$D34) -> #REF! | F34: ='[7]★Cost datasheet_v2'!H34*(1+'[7]★Cost datasheet_v2'!R34)^(2025-'[7]★Cost datasheet_v2'!$D34) -> #REF! | G34: ='[7]★Cost datasheet_v2'!E34*(1+'[7]★Cost datasheet_v2'!O34)^(2030-'[7]★Cost datasheet_v2'!$D34) -> 7.6732673e+09 | H34: ='[7]★Cost datasheet_v2'!F34*(1+'[7]★Cost datasheet_v2'!P34)^(2030-'[7]★Cost datasheet_v2'!$D34) -> 39473888 | I34: ='[7]★Cost datasheet_v2'!G34*(1+'[7]★Cost datasheet_v2'!Q34)^(2030-'[7]★Cost datasheet_v2'!$D34) -> #REF! | J34: ='[7]★Cost datasheet_v2'!H34*(1+'[7]★Cost datasheet_v2'!R34)^(2030-'[7]★Cost datasheet_v2'!$D34) -> #REF! | K34: ='[7]★Cost datasheet_v2'!E34*(1+'[7]★Cost datasheet_v2'!O34)^(2038-'[7]★Cost datasheet_v2'!$D34) -> 7.6732673e+09 | L34: ='[7]★Cost datasheet_v2'!F34*(1+'[7]★Cost datasheet_v2'!P34)^(2038-'[7]★Cost datasheet_v2'!$D34) -> 39932127 | M34: ='[7]★Cost datasheet_v2'!G34*(1+'[7]★Cost datasheet_v2'!Q34)^(2038-'[7]★Cost datasheet_v2'!$D34) -> #REF! | N34: ='[7]★Cost datasheet_v2'!H34*(1+'[7]★Cost datasheet_v2'!R34)^(2038-'[7]★Cost datasheet_v2'!$D34) -> #REF! | O34: ='[7]★Cost datasheet_v2'!E34*(1+'[7]★Cost datasheet_v2'!O34)^(2040-'[7]★Cost datasheet_v2'!$D34) -> 7.6732673e+09 | P34: ='[7]★Cost datasheet_v2'!F34*(1+'[7]★Cost datasheet_v2'!P34)^(2040-'[7]★Cost datasheet_v2'!$D34) -> 40047515 | Q34: ='[7]★Cost datasheet_v2'!G34*(1+'[7]★Cost datasheet_v2'!Q34)^(2040-'[7]★Cost datasheet_v2'!$D34) -> #REF! | R34: ='[7]★Cost datasheet_v2'!H34*(1+'[7]★Cost datasheet_v2'!R34)^(2040-'[7]★Cost datasheet_v2'!$D34) -> #REF! | S34: ='[7]★Cost datasheet_v2'!E34*(1+'[7]★Cost datasheet_v2'!O34)^(2050-'[7]★Cost datasheet_v2'!$D34) -> 7.6732673e+09 | T34: ='[7]★Cost datasheet_v2'!F34*(1+'[7]★Cost datasheet_v2'!P34)^(2050-'[7]★Cost datasheet_v2'!$D34) -> 40629478 | U34: ='[7]★Cost datasheet_v2'!G34*(1+'[7]★Cost datasheet_v2'!Q34)^(2050-'[7]★Cost datasheet_v2'!$D34) -> #REF! | V34: ='[7]★Cost datasheet_v2'!H34*(1+'[7]★Cost datasheet_v2'!R34)^(2050-'[7]★Cost datasheet_v2'!$D34) -> #REF!
A37: 할인율 | C37: 설비비용 | D37: 한계비용 | G37: cap | J37: marginal
A38: 0.05 | G38: 2024 | H38: 2030 | I38: 2038
F39: PV | G39: 1 | H39: =G6/C6 -> 0.86762354
F40: WT | G40: 1 | H40: =G8/C8 -> 0.9131822
F41: LNG | G41: 1 | H41: =G15/C15 -> 1.0836673
F42: COAL | G42: 1 | H42: =G14/C14 -> 1.0836673
F43: NUCLEAR | G43: 1 | H43: =G16/C16 -> 1.1341704
F44: HYDRO | G44: 1
F45: CHP | G45: 1 | H45: =G15/C15 -> 1.0836673
F46: ESS | G46: 1
F47: HP | G47: 1

Sheet 개발노트
B2: 중앙발전기의 출력특성 반영 | C2: unit commitment
B3: 재생에너지 발전의 curtailment 규칙 반영 | C3: 재생에너지 버스 구축 curtailment storage로 구성
A6: 45930 | B6: 배출량 제약 구현 | C6: 배출량 제약 구현을 위해서 CHP 발전의 배출량 계산 처리 - 전력과 열의 생산효율 비중에 따라 전력 생산 배출량, 열 생산 배출량으로 구분
B8: 지역별 재생에너지 의무비중 설정
B9: 제약조건에 재생에너지 발전량에 대한 규칙을 넣고 싶어. 구체적으로는 지역별 전력수요 중 일정 비중을 재생에너지로 공급하는 거야. 예를 들어 서울지역의 전체 분석기간의 전력수요가 100이라고 한다면, 이 중 재생에너지로 20을 공급하도록 규칙을 만들고 싶다는 거야. 재생에너지 의무 전력은 서울지역 내부에서 PV와 WT 등을 설치하여 공급할수도 있고, 다른 지역에서 생산된 재생에너지 전력을 수전받는 것도 포함할 수 있어. 제약조건에 모든 지역에 이와 같은 재생에너지 전력 의무소비비중을 설정할 수 있는지 알려줘. 그리고 지금 지역별로 나눠져 있기 때문에 지역별로 의무소비비중도 설정할 수 있을 것 같은데, 이것도 가능한지 확인해줘. 확인할 떄, 제약조건 관련하여 pypsa에서 이미 개발한 코드가 있는지 참고하고, 없을 때는 만들어주면 좋겠어. | C9: 지역별 재생에너지 전력소비 의무비중 설정을 위한 코딩 및 인터페이스 구축 - 재생에너지 전력 흐름 탐색을 위한 재생에너지 버스간 연결망 구축 | D9: 지역별 재생에너지 전력소비 의무를 설정하였을 때의 전력망 지도 작성
A11: 10월 14일 | B11: 기준시나리오 분석
A12: 45950 | B12: 대안시나리오 분석 - 지역별 재생에너지 의무 할당 | C12: - 주요 검토사항
C13: 재생에너지망은 가상망으로 실제 재생에너지 전력이 흐르는 것은 기존 전력망에서 이뤄져야 함. 재생에너지의 지역간 이동에서 고려할 점 - 1) 재생에너지의 잠재량과 송전망 혼잡도를 고려하여 최적 입지 검토? 2) 현재 열에너지는 건물의 냉난방열을 제한적으로 살펴보고 있으며, HP 외에는 개별난방으로 간주하고 있음. 개별난방의 기술 특성 반영. 3) 전력수요 관련 기준 검토(목표수요, 기준수요, 기준수요 - 섹터커플링 관련 수요 감안한 조정 등)
B14: 대안시나리오 설계(주요 전제 및 가정, 목적 등) | C14: - 주요 검토사항 온실가스 감축목표, 재생에너지 설비 조건(상한, curtailments 등), 유연성 설비 조건 등
B16: 기준시나리오
B17: 배출량:
A78: 송전선 설비계획 | C78: 제11차 장기 송변전설비계획
E82: 송전선로(C.km)
F83: 기준년도 | G83: 2030 | H83: 2038
E84: 계 | F84: 35596 | G84: 47251 | H84: 61183
G85: =G84/$F$84 -> 1.3274244 | H85: =H84/$F$84 -> 1.7188167
F87: 34113.429
F89: =F84/F87 -> 1.04346 | G89: =G85 -> 1.3274244 | H89: =H85 -> 1.7188167
F90: 기준년도 보정 | G90: 설비확대 계획 반영
A95: 수소 수요
A96: 45965 | B96: 제11차 EP를 기반으로 전환부문에서의 수소 수요만 반영.
B97: 전력수급기본계획에서의 확정 설비는 1.5GW(울산), 3.1GW는 무탄소전원으로 계획되어 있으며, 유보된 상태임. 해당 유보된 물량을 100% 그린수소를 전소하는 무탄소 전원으로 간주하여 모델에 반영
B98: 수소의 수요는 제11차 EP의 청정수소,암모니아 발전량을 충족하기 위한 양을 설정
C99: 30년 | D99: 15.5 | E99: TWh
C100: 38년 | D100: 43.9 | E100: TWh | G100: 4600 | H100: MW
B101: 수소 수요 지역 배분 방법, 기준, 기존 LNG 발전을 대체한다고 가정하는게 좋지 않을까? LNG 발전 용량을 기준으로 지역별 배분 | G101: =G100*8760*0.4/1000000 -> 16.1184
B102: 수소는 그린수소만 사용하는 것으로 전제하므로, 다른 유연성 설비와 마찬가지로 재생에너지 비중이 높은 지역으로 할당 배분하는게 적절할 것임 | G102: EP의 보급목표로는 43.9TWh의 전력공급은 불가능(동 계획에서는 혼소가 포함되어 있기 때문일 것으로 추정)
A104: 열수요
A105: 45965 | B105: 기존의 전체 열수요로 변환
B106: 히트펌프 기술의 적용 범위에 대해서, 개별난방 열수요를 설정하여 해당 열수요까지 상한을 설정
B107: 현재 보급대수의 효율성이 매우 낮음(실제 수요와 보급용량과 괴리 존재, 5kw 급 설치, 실 사용 2kw 정도?)
B108: 따라서, 모델에 반영할 때는 실제 사용되는 실수요 용량을 기준으로 넣어야함. 그래야 해석할 때, 효율성이 강조될 수 있음. 현재와 같은 상태에서는 히트펌프를 보급하는 것은 매우 비효율적임.
B109: 만약 열수요를 시나리오대로 제약한다면 결과의 왜곡이 발생할 수 있을 것 같음. 예를 들어 특정 시점에 가동을 하지 않는 등…가동 패턴 자체가 달라질 수 있을 듯… 그리고 실효용량으로 줄이게 될 경우, 열수요패턴과는 맞지만, 최대수요에는 미치지 못하는 출력이 나타날 수 있음. 기존 최대출력이 5kW였는데, 1kW로 줄어들 수 있음. 추천하는 방법은 실효용량으로 분석하고, 후처리 방식으로 실제 용량을 반영하는 것이 맞지 않을까 생각됨.
G111: 재생에너지 확대 | I111: 3
I112: TRUE

Sheet 시나리오(V2G)
C1: 보급대수 | F1: 전력부하(MW) | I1: 저장용량(MWh) | L1: 충전기용량
A2: 지역 | B2: 이름 | C2: 2024 | D2: 2030 | E2: 2038 | F2: 2024 | G2: 2030 | H2: 2038 | I2: 2024 | J2: 2030 | K2: 2038 | L2: 2024 | M2: 2030 | N2: 2038 | P2: 주요 전제
A3: 부산광역시 | B3: EV | C3: 44259 | D3: =S11 -> 249034.99 | E3: =T11 -> 773144.99 | F3: =C3*$R$3/$R$5/8760/1000 -> 15.157192 | G3: =D3*$R$3/$R$5/8760/1000 -> 85.285956 | H3: =E3*$R$3/$R$5/8760/1000 -> 264.77568 | I3: =C3*$R$4/1000 -> 3540.72 | J3: =D3*$R$4/1000 -> 19922.799 | K3: =E3*$R$4/1000 -> 61851.6 | L3: =X11 -> 51.380367 | M3: =L3*G3/F3 -> 289.10525 | N3: =M3*H3/G3 -> 897.54567 | P3: 연평균 운행거리(km) | R3: 15000
A4: 충청북도 | B4: EV | C4: 25375 | D4: =S20 -> 203301.52 | E4: =T20 -> 470787.39 | F4: =C4*$R$3/$R$5/8760/1000 -> 8.6900685 | G4: =D4*$R$3/$R$5/8760/1000 -> 69.623807 | H4: =E4*$R$3/$R$5/8760/1000 -> 161.22856 | I4: =C4*$R$4/1000 -> 2030 | J4: =D4*$R$4/1000 -> 16264.121 | K4: =E4*$R$4/1000 -> 37662.992 | L4: =X20 -> 32.609927 | M4: =L4*G4/F4 -> 261.2669 | N4: =M4*H4/G4 -> 605.01843 | P4: 배터리 용량(kWh) | R4: 80
A5: 충청남도 | B5: EV | C5: 30654 | D5: =S21 -> 204095.59 | E5: =T21 -> 631162.51 | F5: =C5*$R$3/$R$5/8760/1000 -> 10.497945 | G5: =D5*$R$3/$R$5/8760/1000 -> 69.895749 | H5: =E5*$R$3/$R$5/8760/1000 -> 216.15154 | I5: =C5*$R$4/1000 -> 2452.32 | J5: =D5*$R$4/1000 -> 16327.647 | K5: =E5*$R$4/1000 -> 50493.001 | L5: =X21 -> 39.394077 | M5: =L5*G5/F5 -> 262.28738 | N5: =M5*H5/G5 -> 811.11974 | P5: 전비(km/kWh) | R5: 5
A6: 대구광역시 | B6: EV | C6: 35212 | D6: =S12 -> 201648.53 | E6: =T12 -> 626030.72 | F6: =C6*$R$3/$R$5/8760/1000 -> 12.058904 | G6: =D6*$R$3/$R$5/8760/1000 -> 69.057717 | H6: =E6*$R$3/$R$5/8760/1000 -> 214.39408 | I6: =C6*$R$4/1000 -> 2816.96 | J6: =D6*$R$4/1000 -> 16131.883 | K6: =E6*$R$4/1000 -> 50082.458 | L6: =X12 -> 40.877686 | M6: =L6*G6/F6 -> 234.09421 | N6: =M6*H6/G6 -> 726.76039
A7: 대전광역시 | B7: EV | C7: 21314 | D7: =S15 -> 117707.05 | E7: =T15 -> 365429.03 | F7: =C7*$R$3/$R$5/8760/1000 -> 7.2993151 | G7: =D7*$R$3/$R$5/8760/1000 -> 40.310633 | H7: =E7*$R$3/$R$5/8760/1000 -> 125.14693 | I7: =C7*$R$4/1000 -> 1705.12 | J7: =D7*$R$4/1000 -> 9416.5638 | K7: =E7*$R$4/1000 -> 29234.322 | L7: =X15 -> 27.391054 | M7: =L7*G7/F7 -> 151.26771 | N7: =M7*H7/G7 -> 469.62025
A8: 경상북도 | B8: EV | C8: 33905 | D8: =S24 -> 114262.62 | E8: =T24 -> 769735.7 | F8: =C8*$R$3/$R$5/8760/1000 -> 11.611301 | G8: =D8*$R$3/$R$5/8760/1000 -> 39.131033 | H8: =E8*$R$3/$R$5/8760/1000 -> 263.60812 | I8: =C8*$R$4/1000 -> 2712.4 | J8: =D8*$R$4/1000 -> 9141.0092 | K8: =E8*$R$4/1000 -> 61578.856 | L8: =X24 -> 39.360387 | M8: =L8*G8/F8 -> 132.64771 | N8: =M8*H8/G8 -> 893.58781 | Q8: 전기차 | V8: 충전기(대) | X8: 용량(MW)
A9: 경기도 | B9: EV | C9: 151850 | D9: =S18 -> 1061345.4 | E9: =T18 -> 3295014.4 | F9: =C9*$R$3/$R$5/8760/1000 -> 52.003425 | G9: =D9*$R$3/$R$5/8760/1000 -> 363.47446 | H9: =E9*$R$3/$R$5/8760/1000 -> 1128.4296 | I9: =C9*$R$4/1000 -> 12148 | J9: =D9*$R$4/1000 -> 84907.633 | K9: =E9*$R$4/1000 -> 263601.16 | L9: =X18 -> 200.09344 | M9: =L9*G9/F9 -> 1398.5397 | N9: =M9*H9/G9 -> 4341.8556 | Q9: 2024 | S9: 2030 | T9: 2038 | V9: 급속 | W9: 완속
A10: 경상남도 | B10: EV | C10: 46628 | D10: =S25 -> 139689.8 | E10: =T25 -> 982883.96 | F10: =C10*$R$3/$R$5/8760/1000 -> 15.968493 | G10: =D10*$R$3/$R$5/8760/1000 -> 47.838972 | H10: =E10*$R$3/$R$5/8760/1000 -> 336.6041 | I10: =C10*$R$4/1000 -> 3730.24 | J10: =D10*$R$4/1000 -> 11175.184 | K10: =E10*$R$4/1000 -> 78630.717 | L10: =X25 -> 54.130544 | M10: =L10*G10/F10 -> 162.16618 | N10: =M10*H10/G10 -> 1141.0321 | P10: 서울 | Q10: 83868 | R10: =$R$27*Q10/$Q$27 -> 514795.31 | S10: =$R$27*R30 -> 507383.06 | T10: =Q30*$T$28 -> 1575203 | V10: 4545 | W10: 56070 | X10: =(V10*$AD$22+W10*$AC$22)/1000 -> 97.7139
A11: 강원도 | B11: EV | C11: 21004 | D11: =S19 -> 151643.66 | E11: =T19 -> 433675.88 | F11: =C11*$R$3/$R$5/8760/1000 -> 7.1931507 | G11: =D11*$R$3/$R$5/8760/1000 -> 51.932759 | H11: =E11*$R$3/$R$5/8760/1000 -> 148.51914 | I11: =C11*$R$4/1000 -> 1680.32 | J11: =D11*$R$4/1000 -> 12131.493 | K11: =E11*$R$4/1000 -> 34694.07 | L11: =X19 -> 36.88437 | M11: =L11*G11/F11 -> 266.29598 | N11: =M11*H11/G11 -> 761.56263 | P11: 부산 | Q11: 44259 | R11: =$R$27*Q11/$Q$27 -> 271668.88 | S11: =$R$27*R31 -> 249034.99 | T11: =Q31*$T$28 -> 773144.99 | V11: =$Q11*Z$23/($Q$11+$Q$12+$Q$24+$Q$25+$Q$16) -> 2956.7507 | W11: =$Q11*AA$23/($Q$11+$Q$12+$Q$24+$Q$25+$Q$16) -> 20648.518 | X11: =(V11*$AD$22+W11*$AC$22)/1000 -> 51.380367
A12: 광주광역시 | B12: EV | C12: 15240 | D12: =S14 -> 116707.11 | E12: =T14 -> 362324.67 | F12: =C12*$R$3/$R$5/8760/1000 -> 5.2191781 | G12: =D12*$R$3/$R$5/8760/1000 -> 39.968189 | H12: =E12*$R$3/$R$5/8760/1000 -> 124.08379 | I12: =C12*$R$4/1000 -> 1219.2 | J12: =D12*$R$4/1000 -> 9336.569 | K12: =E12*$R$4/1000 -> 28985.973 | L12: =X14 -> 20.379872 | M12: =L12*G12/F12 -> 156.06798 | N12: =M12*H12/G12 -> 484.52299 | P12: 대구 | Q12: 35212 | R12: =$R$27*Q12/$Q$27 -> 216136.93 | S12: =$R$27*R32 -> 201648.53 | T12: =Q32*$T$28 -> 626030.72 | V12: =$Q12*Z$23/($Q$11+$Q$12+$Q$24+$Q$25+$Q$16) -> 2352.3601 | W12: =$Q12*AA$23/($Q$11+$Q$12+$Q$24+$Q$25+$Q$16) -> 16427.746 | X12: =(V12*$AD$22+W12*$AC$22)/1000 -> 40.877686
A13: 인천광역시 | B13: EV | C13: 54398 | D13: =S13 -> 279158.72 | E13: =T13 -> 866666.03 | F13: =C13*$R$3/$R$5/8760/1000 -> 18.629452 | G13: =D13*$R$3/$R$5/8760/1000 -> 95.602301 | H13: =E13*$R$3/$R$5/8760/1000 -> 296.80344 | I13: =C13*$R$4/1000 -> 4351.84 | J13: =D13*$R$4/1000 -> 22332.698 | K13: =E13*$R$4/1000 -> 69333.283 | L13: =X13 -> 37.82701 | M13: =L13*G13/F13 -> 194.12 | N13: =M13*H13/G13 -> 602.6579 | P13: 인천 | Q13: 54398 | R13: =$R$27*Q13/$Q$27 -> 333903.7 | S13: =$R$27*R33 -> 279158.72 | T13: =Q33*$T$28 -> 866666.03 | V13: 1836 | W13: 20513 | X13: =(V13*$AD$22+W13*$AC$22)/1000 -> 37.82701
A14: 전라북도 | B14: EV | C14: 24872 | D14: =S22 -> 247936.83 | E14: =T22 -> 497257.51 | F14: =C14*$R$3/$R$5/8760/1000 -> 8.5178082 | G14: =D14*$R$3/$R$5/8760/1000 -> 84.909875 | H14: =E14*$R$3/$R$5/8760/1000 -> 170.29367 | I14: =C14*$R$4/1000 -> 1989.76 | J14: =D14*$R$4/1000 -> 19834.947 | K14: =E14*$R$4/1000 -> 39780.601 | L14: =X22 -> 33.260379 | M14: =L14*G14/F14 -> 331.5565 | N14: =M14*H14/G14 -> 664.96355 | P14: 광주 | Q14: 15240 | R14: =$R$27*Q14/$Q$27 -> 93545.577 | S14: =$R$27*R34 -> 116707.11 | T14: =Q34*$T$28 -> 362324.67 | V14: =$Z$22*Q14/($Q$14+$Q$22+$Q$23) -> 1251.0909 | W14: =$AA$22*Q14/($Q$14+$Q$22+$Q$23) -> 6969.8461 | X14: =(V14*$AD$22+W14*$AC$22)/1000 -> 20.379872
A15: 제주특별자치도 | B15: EV | C15: 49007 | D15: =S26 -> 160169.85 | E15: =T26 -> 354735.57 | F15: =C15*$R$3/$R$5/8760/1000 -> 16.783219 | G15: =D15*$R$3/$R$5/8760/1000 -> 54.852689 | H15: =E15*$R$3/$R$5/8760/1000 -> 121.48478 | I15: =C15*$R$4/1000 -> 3920.56 | J15: =D15*$R$4/1000 -> 12813.588 | K15: =E15*$R$4/1000 -> 28378.846 | L15: =X26 -> 32.38728 | M15: =L15*G15/F15 -> 105.85153 | N15: =M15*H15/G15 -> 234.43427 | P15: 대전 | Q15: 21314 | R15: =$R$27*Q15/$Q$27 -> 130828.77 | S15: =$R$27*R35 -> 117707.05 | T15: =Q35*$T$28 -> 365429.03 | V15: =$Q15*Z$21/($Q$17+$Q$20+$Q$21+$Q$15) -> 1604.8528 | W15: =$Q15*AA$21/($Q$17+$Q$20+$Q$21+$Q$15) -> 10562.105 | X15: =(V15*$AD$22+W15*$AC$22)/1000 -> 27.391054
A16: 전라남도 | B16: EV | C16: 31417 | D16: =S23 -> 316593.26 | E16: =T23 -> 633627.75 | F16: =C16*$R$3/$R$5/8760/1000 -> 10.759247 | G16: =D16*$R$3/$R$5/8760/1000 -> 108.42235 | H16: =E16*$R$3/$R$5/8760/1000 -> 216.99581 | I16: =C16*$R$4/1000 -> 2513.36 | J16: =D16*$R$4/1000 -> 25327.461 | K16: =E16*$R$4/1000 -> 50690.22 | L16: =X23 -> 42.012759 | M16: =L16*G16/F16 -> 423.36812 | N16: =M16*H16/G16 -> 847.32628 | P16: 울산 | Q16: 9817 | R16: =$R$27*Q16/$Q$27 -> 60258.329 | S16: =$R$27*R36 -> 97019.852 | T16: =Q36*$T$28 -> 301204.31 | V16: =$Q16*Z$23/($Q$11+$Q$12+$Q$24+$Q$25+$Q$16) -> 655.83093 | W16: =$Q16*AA$23/($Q$11+$Q$12+$Q$24+$Q$25+$Q$16) -> 4580.0065 | X16: =(V16*$AD$22+W16*$AC$22)/1000 -> 11.396576
A17: 서울특별시 | B17: EV | C17: 83868 | D17: =S10 -> 507383.06 | E17: =T10 -> 1575203 | F17: =C17*$R$3/$R$5/8760/1000 -> 28.721918 | G17: =D17*$R$3/$R$5/8760/1000 -> 173.76132 | H17: =E17*$R$3/$R$5/8760/1000 -> 539.45309 | I17: =C17*$R$4/1000 -> 6709.44 | J17: =D17*$R$4/1000 -> 40590.645 | K17: =E17*$R$4/1000 -> 126016.24 | L17: =X10 -> 97.7139 | M17: =L17*G17/F17 -> 591.14773 | N17: =M17*H17/G17 -> 1835.2558 | P17: 세종 | Q17: 5424 | R17: =$R$27*Q17/$Q$27 -> 33293.387 | S17: =$R$27*R37 -> 32302.153 | T17: =Q37*$T$28 -> 100284.09 | V17: =$Q17*Z$21/($Q$17+$Q$20+$Q$21+$Q$15) -> 408.40393 | W17: =$Q17*AA$21/($Q$17+$Q$20+$Q$21+$Q$15) -> 2687.851 | X17: =(V17*$AD$22+W17*$AC$22)/1000 -> 6.9704924 | Z17: V2G기술은 충전속도보다 낮고, 현재 최대 20kW 급임. 가정용은 10kW급
A18: 세종특별자치시 | B18: EV | C18: 5424 | D18: =S17 -> 32302.153 | E18: =T17 -> 100284.09 | F18: =C18*$R$3/$R$5/8760/1000 -> 1.8575342 | G18: =D18*$R$3/$R$5/8760/1000 -> 11.062381 | H18: =E18*$R$3/$R$5/8760/1000 -> 34.343867 | I18: =C18*$R$4/1000 -> 433.92 | J18: =D18*$R$4/1000 -> 2584.1722 | K18: =E18*$R$4/1000 -> 8022.7273 | L18: =X17 -> 6.9704924 | M18: =L18*G18/F18 -> 41.512152 | N18: =M18*H18/G18 -> 128.87712 | P18: 경기 | Q18: 151850 | R18: =$R$27*Q18/$Q$27 -> 932079.78 | S18: =$R$27*R38 -> 1061345.4 | T18: =Q38*$T$28 -> 3295014.4 | V18: 10112 | W18: 102272 | X18: =(V18*$AD$22+W18*$AC$22)/1000 -> 200.09344 | Z18: 또한, 모든 충전기가 V2G가 가능한 양방향 충전기로 설치한다는 것은 현실성이 낮음
A19: 울산광역시 | B19: EV | C19: 9817 | D19: =S16 -> 97019.852 | E19: =T16 -> 301204.31 | F19: =C19*$R$3/$R$5/8760/1000 -> 3.3619863 | G19: =D19*$R$3/$R$5/8760/1000 -> 33.225977 | H19: =E19*$R$3/$R$5/8760/1000 -> 103.15216 | I19: =C19*$R$4/1000 -> 785.36 | J19: =D19*$R$4/1000 -> 7761.5881 | K19: =E19*$R$4/1000 -> 24096.345 | L19: =X16 -> 11.396576 | M19: =L19*G19/F19 -> 112.63055 | N19: =M19*H19/G19 -> 349.66873 | P19: 강원 | Q19: 21004 | R19: =$R$27*Q19/$Q$27 -> 128925.94 | S19: =$R$27*R40 -> 151643.66 | T19: =Q39*$T$28 -> 433675.88 | V19: 2337 | W19: 11481 | X19: =(V19*$AD$22+W19*$AC$22)/1000 -> 36.88437 | Z19: V2G 기술의 용량은 충전기 용량의 50%로 가정
A20: 부산광역시 | P20: 충북 | Q20: 25375 | R20: =$R$27*Q20/$Q$27 -> 155755.84 | S20: =$R$27*R41 -> 203301.52 | T20: =Q40*$T$28 -> 470787.39 | V20: =$Q20*Z$21/($Q$17+$Q$20+$Q$21+$Q$15) -> 1910.6286 | W20: =$Q20*AA$21/($Q$17+$Q$20+$Q$21+$Q$15) -> 12574.524 | X20: =(V20*$AD$22+W20*$AC$22)/1000 -> 32.609927 | Z20: 급속 | AA20: 완속 | AC20: 완속 | AD20: 급속
A21: 충청북도 | P21: 충남 | Q21: 30654 | R21: =$R$27*Q21/$Q$27 -> 188159.19 | S21: =$R$27*R43 -> 204095.59 | T21: =Q41*$T$28 -> 631162.51 | V21: =$Q21*Z$21/($Q$17+$Q$20+$Q$21+$Q$15) -> 2308.1147 | W21: =$Q21*AA$21/($Q$17+$Q$20+$Q$21+$Q$15) -> 15190.52 | X21: =(V21*$AD$22+W21*$AC$22)/1000 -> 39.394077 | Y21: 충청 | Z21: 6232 | AA21: 41015 | AC21: 7 | AD21: 200 | AE21: kW
A22: 충청남도 | P22: 전북 | Q22: 24872 | R22: =$R$27*Q22/$Q$27 -> 152668.35 | S22: =$R$27*R44 -> 247936.83 | T22: =Q42*$T$28 -> 497257.51 | V22: =$Z$22*Q22/($Q$14+$Q$22+$Q$23) -> 2041.8066 | W22: =$AA$22*Q22/($Q$14+$Q$22+$Q$23) -> 11374.935 | X22: =(V22*$AD$22+W22*$AC$22)/1000 -> 33.260379 | Y22: 전라 | Z22: 5872 | AA22: 32713 | AC22: =AC21*AC23 -> 0.77 | AD22: =AD21*AD23 -> 12 | AE22: kW | AF22: 실용량
A23: 대구광역시 | P23: 전남 | Q23: 31417 | R23: =$R$27*Q23/$Q$27 -> 192842.61 | S23: =$R$27*R45 -> 316593.26 | T23: =Q43*$T$28 -> 633627.75 | V23: =$Z$22*Q23/($Q$14+$Q$22+$Q$23) -> 2579.1025 | W23: =$AA$22*Q23/($Q$14+$Q$22+$Q$23) -> 14368.219 | X23: =(V23*$AD$22+W23*$AC$22)/1000 -> 42.012759 | Y23: 경상 | Z23: 11345 | AA23: 79228 | AC23: 0.11 | AD23: 0.06
A24: 대전광역시 | P24: 경북 | Q24: 33905 | R24: =$R$27*Q24/$Q$27 -> 208114.36 | S24: =$R$27*R46 -> 114262.62 | T24: =Q44*$T$28 -> 769735.7 | V24: =$Q24*Z$23/($Q$11+$Q$12+$Q$24+$Q$25+$Q$16) -> 2265.0451 | W24: =$Q24*AA$23/($Q$11+$Q$12+$Q$24+$Q$25+$Q$16) -> 15817.981 | X24: =(V24*$AD$22+W24*$AC$22)/1000 -> 39.360387
A25: 경상북도 | P25: 경남 | Q25: 46628 | R25: =$R$27*Q25/$Q$27 -> 286210.18 | S25: =$R$27*R39 -> 139689.8 | T25: =Q45*$T$28 -> 982883.96 | V25: =$Q25*Z$23/($Q$11+$Q$12+$Q$24+$Q$25+$Q$16) -> 3115.0132 | W25: =$Q25*AA$23/($Q$11+$Q$12+$Q$24+$Q$25+$Q$16) -> 21753.748 | X25: =(V25*$AD$22+W25*$AC$22)/1000 -> 54.130544
A26: 경기도 | P26: 제주 | Q26: 49007 | R26: =$R$27*Q26/$Q$27 -> 300812.87 | S26: =$R$27*R42 -> 160169.85 | T26: =Q46*$T$28 -> 354735.57 | V26: 2297 | W26: 6264 | X26: =(V26*$AD$22+W26*$AC$22)/1000 -> 32.38728 | Z26: 충전기는 설비용량보다 실제 운영단계에서 출력이 저하되어 운영되고 있음. 설치유형이나 설계에 따라 그 저하률이 차이가 크지만, 본 연구에서는 50% 저하율을 적용
A27: 경상남도 | P27: 계 | Q27: 684244 | R27: 4200000 | S27: =SUM(S10:S26) -> 4200000 | T27: =SUM(T10:T26) -> 13039168 | V27: =SUM(V10:V26) -> 44576 | W27: =SUM(W10:W26) -> 349556 | X27: =SUM(X10:X26) -> 804.07012
A28: 강원도 | P28: 2024년 자동차등록자료통계_국토교통부 | S28: =S27/Q47 -> 0.15970845 | T28: =(1-S28)/20*8+S28 -> 0.49582507 | W28: https://chargeinfo.ksga.org/front/statistics/charger
A29: 광주광역시 | R29: 지역/전국 | S29: 지역별전기차비중
A30: 인천광역시 | P30: 서울 | Q30: 3176933 | R30: =Q30/$Q$47 -> 0.12080549 | S30: =Q10/Q30 -> 0.026399046 | T30: =S10/Q30 -> 0.15970845 | W30: 2024년 말 기준
A31: 전라북도 | P31: 부산 | Q31: 1559310 | R31: =Q31/$Q$47 -> 0.059294045 | S31: =Q11/Q31 -> 0.028383708 | T31: =S11/Q31 -> 0.15970845
A32: 제주특별자치도 | P32: 대구 | Q32: 1262604 | R32: =Q32/$Q$47 -> 0.048011556 | S32: =Q12/Q32 -> 0.027888396 | T32: =S12/Q32 -> 0.15970845
A33: 전라남도 | P33: 인천 | Q33: 1747927 | R33: =Q33/$Q$47 -> 0.066466362 | S33: =Q13/Q33 -> 0.031121437 | T33: =S13/Q33 -> 0.15970845
A34: 서울특별시 | P34: 광주 | Q34: 730751 | R34: =Q34/$Q$47 -> 0.027787408 | S34: =Q14/Q34 -> 0.020855257 | T34: =S14/Q34 -> 0.15970845
A35: 세종특별자치시 | P35: 대전 | Q35: 737012 | R35: =Q35/$Q$47 -> 0.028025487 | S35: =Q15/Q35 -> 0.028919475 | T35: =S15/Q35 -> 0.15970845
A36: 울산광역시 | P36: 울산 | Q36: 607481 | R36: =Q36/$Q$47 -> 0.023099965 | S36: =Q16/Q36 -> 0.016160176 | T36: =S16/Q36 -> 0.15970845 | W36: 4465.5
A37: * | P37: 세종 | Q37: 202257 | R37: =Q37/$Q$47 -> 0.0076909888 | S37: =Q17/Q37 -> 0.026817366 | T37: =S17/Q37 -> 0.15970845
A38: * | P38: 경기 | Q38: 6645518 | R38: =Q38/$Q$47 -> 0.25270129 | S38: =Q18/Q38 -> 0.022849987 | T38: =S18/Q38 -> 0.15970845
A39: * | P39: 강원 | Q39: 874655 | R39: =Q39/$Q$47 -> 0.033259476 | S39: =Q19/Q39 -> 0.02401404 | T39: =S19/Q39 -> 0.1733754
P40: 충북 | Q40: 949503 | R40: =Q40/$Q$47 -> 0.036105633 | S40: =Q20/Q40 -> 0.026724507 | T40: =S20/Q40 -> 0.21411361
P41: 충남 | Q41: 1272954 | R41: =Q41/$Q$47 -> 0.048405123 | S41: =Q21/Q41 -> 0.024080996 | T41: =S21/Q41 -> 0.16033226
P42: 전북 | Q42: 1002889 | R42: =Q42/$Q$47 -> 0.038135679 | S42: =Q22/Q42 -> 0.024800352 | T42: =S22/Q42 -> 0.24722261
P43: 전남 | Q43: 1277926 | R43: =Q43/$Q$47 -> 0.048594187 | S43: =Q23/Q43 -> 0.024584366 | T43: =S23/Q43 -> 0.2477399
P44: 경북 | Q44: 1552434 | R44: =Q44/$Q$47 -> 0.05903258 | S44: =Q24/Q44 -> 0.021839898 | T44: =S24/Q44 -> 0.073602237
P45: 경남 | Q45: 1982320 | R45: =Q45/$Q$47 -> 0.075379348 | S45: =Q25/Q45 -> 0.023521934 | T45: =S25/Q45 -> 0.070467835
P46: 제주 | Q46: 715445 | R46: =Q46/$Q$47 -> 0.027205385 | S46: =Q26/Q46 -> 0.068498627 | T46: =S26/Q46 -> 0.22387444
P47: 계 | Q47: =SUM(Q30:Q46) -> 26297919 | R47: =Q47/$Q$47 -> 1
F76: =SUM(F49:F65) -> 0 | G76: =SUM(G49:G65) -> 0 | H76: =SUM(H49:H65) -> 0
F77: =SUM(F66:F75) -> 0 | G77: =SUM(G66:G75) -> 0 | H77: =SUM(H66:H75) -> 0
F80: =28150+4369 -> 32519 | G80: =55675+7441 -> 63116 | H80: =77203+12211 -> 89414
F81: =F80-F76 -> 32519 | G81: =G80-#REF! -> #REF! | H81: =H80-#REF! -> #REF!
F83: =F77 -> 0 | G83: 18281 | H83: 40671
G84: =G83-#REF! -> #REF! | H84: =H83-#REF! -> #REF!

Sheet 제어판
A1: PyPSA-HD 지역 기반 에너지시스템 입력 도구
A3: 이 Excel 파일은 지역 기반 에너지시스템 데이터를 입력하기 위한 템플릿입니다.
A4: 각 지역의 에너지시스템 구성요소를 입력하고, 지역간 연결을 정의한 후, 통합 데이터를 생성할 수 있습니다.
A6: 작업 순서:
A7: 1. '지역 선택' 시트에서 분석할 지역을 선택하고 클릭하면 해당 지역 입력 시트로 이동합니다.
A8: 2. 각 지역별 시트에서 에너지시스템 구성요소 데이터를 입력합니다.
A9: 3. 입력 완료 후 '저장' 버튼을 클릭하여 데이터를 반영하거나, '추가 지역 입력'을 클릭하여 다른 지역을 입력합니다.
A10: 4. '지역간 연결' 시트에서 지역 간 연결을 정의합니다.
A11: 5. '시간 설정' 시트에서 분석 기간을 설정합니다.
A12: 6. 아래 '데이터 통합' 버튼을 클릭하여 입력한 데이터를 통합합니다.
B15: 데이터 통합 | F15: 지역 선택으로 이동

Sheet 시나리오 구성
B1: 시나리오 | F1: 규칙 | G1: 데이터 | H1: 주요 결과
A2: 1 | B2: 지역별탄소중립의무화 | C2: 재생에너지의무 | D2: 동일비중 | F2: 지역별 의무 비중, 지역별 재생에너지 비용(없다면 차등화하기 위한 가정-자본비 세부항목 중 지역별로 차이가 나는 항목 반영(예를 들어, 토지비의 비중이 30%라고 한다면, 서울 천만원/평, 전북 백만원/평, 충남 150만원/평, … 조건에서 자본비 차이 발생) -> 다른 지역에 설치, 송전망 변화 | G2: 분석을 위해 각 지역별 설비 한도 설정 필요(가장 싼 곳에 몰리는 것 방지, 공급량 한도 등) -> 결과활용, 부족한 지역과 추가 설치되는 지역 발생, 각 지역의 수요보다 추가 설치되는 지역에서 설치를 위해서는 재원이 필요. 설치는 정부에서 해주고, 이익은 지자체 간 전력 이전에 따라 판매지역에 귀속?, 재생에너지 잘하는 지역에 설비라는 현물을 지원하는 형태) | H2: 각 지역별 비용, 설비 추가 설치를 위해 필요한 비용, 의무이행을 하려면 설비를 설치해야함. 해당 비용은 정부에서 지원하는 것이 아니라, 판매 금액에 포함되어야 하지 않을까? 그렇지 않을 경우에 설비 설치를 안하는 것이 이익이 됨. 정부에서 의무를 대신 이행하는 결과로 이어짐(의무로 설치해야 하는 설비를 정부가 설치해주는 것이므로).
D3: 인구비중
D4: 전력소비비중
A6: 2 | B6: 섹터커플링 기술 확대 | C6: V2G | F6: 전기차 보급대수 반영 - 상수, V2G 활용 규칙 설정 | H6: P2X 기술 활용시 에너지 시스템에 미치는 영향
C7: 히트펌프 | F7: 히트펌프 보급대수 반영
C8: P2G | F8: 그린수소
A10: 3 | B10: 올인원 | C10: RE 동일 비중 + V2G | F10: 차량이 많은 지역, 전력생산이 어려운 지역에서 V2G가 매우 효과적인 수단으로 활용될 수 있음
C11: RE 동일 비중 + 히트펌프 | F11: 난방수요가 많은 지역, 에너지 생산이 어려운 지역에서 효과적인 수단이 될 수 있음
F12: 올인원 시나리오에서는 섹터커플링 기술이 어떤 지역에서 활용되는 것이 효과적인지 살펴볼 수 있음
E15: 결과값 도출 | F15: 시간대별 평균 전력생산비용 계산
D18: 수요증감
D19: 2030 | E19: 2035 | F19: 2040
C20: 전력
C21: 열
C22: 수소

Sheet 시나리오_WP2(히트펌프)
C1: 시나리오 A | F1: 시나리오 B | I1: 시나리오 C | M1: 개별난방 열수요 | P1: 전력소비기준
A2: 지역 | B2: 이름 | C2: 2024 | D2: 2030 | E2: 2038 | F2: 2024 | G2: 2030 | H2: 2038 | I2: 2024 | J2: 2030 | K2: 2038 | M2: (평균) MW | O2: 열용량
A3: 부산광역시 | B3: HP | M3: 623.23172 | O3: 2824.975 | P3: =O3/3 -> 941.65833
A4: 충청북도 | B4: HP | M4: 352.61409 | O4: 1661.44 | P4: =O4/3 -> 553.81333
A5: 충청남도 | B5: HP | M5: 472.89482 | O5: 2536.755 | P5: =O5/3 -> 845.585
A6: 대구광역시 | B6: HP | M6: 680.43089 | O6: 1569.275 | P6: =O6/3 -> 523.09167
A7: 대전광역시 | B7: HP | M7: 322.52768 | O7: 1145.075 | P7: =O7/3 -> 381.69167
A8: 경상북도 | B8: HP | M8: 535.09636 | O8: 2967.15 | P8: =O8/3 -> 989.05
A9: 경기도 | B9: HP | M9: 2436.4678 | O9: 7286.915 | P9: =O9/3 -> 2428.9717
A10: 경상남도 | B10: HP | M10: 693.44148 | O10: 3084.94 | P10: =O10/3 -> 1028.3133
A11: 강원도 | B11: HP | M11: 331.47828 | O11: 2022.16 | P11: =O11/3 -> 674.05333
A12: 광주광역시 | B12: HP | M12: 340.14885 | O12: 1348.36 | P12: =O12/3 -> 449.45333
A13: 인천광역시 | B13: HP | M13: 620.2448 | O13: 1817.28 | P13: =O13/3 -> 605.76
A14: 전라북도 | B14: HP | M14: 409.88666 | O14: 1858.665 | P14: =O14/3 -> 619.555
... A19: 울산광역시 | B19: HP | M19: 346.02437 | O19: 1066 | P19: =O19/3 -> 355.33333
A20: 부산광역시 | B20: Storage
A21: 충청북도 | B21: Storage
A22: 충청남도 | B22: Storage
A23: 대구광역시 | B23: Storage
A24: 대전광역시 | B24: Storage
A25: 경상북도 | B25: Storage
A26: 경기도 | B26: Storage
A27: 경상남도 | B27: Storage
A28: 강원도 | B28: Storage
A29: 광주광역시 | B29: Storage
A30: 인천광역시 | B30: Storage
A31: 전라북도 | B31: Storage
... A36: 울산광역시 | B36: Storage
A37: *작성:주요 시점별 보급용량(히트펌프 MW, 열저장소 MWh), 시나리오가 추가될 경우 동일 시트 복사하여 작성
A38: *검토:재생에너지 열사용 비중목표를 지역별로 부여할 때, 히트펌프와 열저장소의 필요량 분석(히트펌프에 사용되는 전력은 재생에너지 기반이어야 함)
A39: *검토:보급용량 외에 시나리오별 활용방식의 차이를 부여하여 결과 비교, 또는 국가 전체의 보급용량을 정하고 최적화 계산으로 지역별 보급용량 결정
C76: =SUM(C49:C65) -> 0 | D76: =SUM(D49:D65) -> 0 | E76: =SUM(E49:E65) -> 0
C77: =SUM(C66:C75) -> 0 | D77: =SUM(D66:D75) -> 0 | E77: =SUM(E66:E75) -> 0
C80: =28150+4369 -> 32519 | D80: =55675+7441 -> 63116 | E80: =77203+12211 -> 89414
C81: =C80-C76 -> 32519 | D81: =D80-#REF! -> #REF! | E81: =E80-#REF! -> #REF!
C83: =C77 -> 0 | D83: 18281 | E83: 40671
D84: =D83-#REF! -> #REF! | E84: =E83-#REF! -> #REF!

Sheet 시나리오_링크
A1: 이름 | B1: 시작버스 | C1: 2024 | D1: 2025 | E1: 2026 | F1: 2027 | G1: 2028 | H1: 2029 | I1: 2030 | J1: 2031 | K1: 2032 | L1: 2033 | M1: 2034 | N1: 2035 | O1: 2036 | P1: 2037 | Q1: 2038 | R1: 2039 | S1: 2040
A2: SEL_CHP | B2: SEL_LNG | C2: 64 | D2: =C2+285 -> 349 | E2: =D2 -> 349 | F2: =E2 -> 349 | G2: =F2 -> 349 | H2: =G2 -> 349 | I2: =H2 -> 349 | J2: =I2 -> 349 | K2: =J2 -> 349 | L2: =K2 -> 349 | ... Q2: =P2 -> 349
A3: GGD_CHP | B3: GGD_LNG | C3: 6043 | D3: =C3+145 -> 6188 | E3: =D3+493 -> 6681 | F3: =E3 -> 6681 | G3: =F3-39+141 -> 6783 | H3: =G3 -> 6783 | I3: =H3 -> 6783 | J3: =I3+200 -> 6983 | K3: =J3+600 -> 7583 | L3: =K3 -> 7583 | M3: =L3 -> 7583 | N3: =M3 -> 7583 | O3: =N3 -> 7583 | P3: =O3 -> 7583 | Q3: =P3 -> 7583
A4: GWD_CHP | B4: GWD_LNG | C4: 431 | D4: =C4 -> 431 | E4: =D4 -> 431 | F4: =E4 -> 431 | G4: =F4 -> 431 | H4: =G4 -> 431 | I4: =H4 -> 431 | J4: =I4 -> 431 | K4: =J4 -> 431 | ... Q4: =P4 -> 431
A5: ICN_CHP | B5: ICN_LNG | C5: 338 | D5: =C5 -> 338 | E5: =D5 -> 338 | F5: =E5 -> 338 | G5: =F5 -> 338 | H5: =G5 -> 338 | I5: =H5 -> 338 | J5: =I5 -> 338 | K5: =J5 -> 338 | ... Q5: =P5 -> 338
A6: CND_CHP | B6: CND_LNG | C6: 596 | D6: =C6 -> 596 | E6: =D6 -> 596 | F6: =E6 -> 596 | G6: =F6 -> 596 | H6: =G6 -> 596 | I6: =H6 -> 596 | J6: =I6 -> 596 | K6: =J6+200 -> 796 | L6: =K6 -> 796 | M6: =L6 -> 796 | N6: =M6 -> 796 | O6: =N6 -> 796 | P6: =O6 -> 796 | Q6: =P6 -> 796
A7: CBD_CHP | B7: CBD_LNG | C7: 0 | D7: 270 | E7: =D7 -> 270 | F7: =E7 -> 270 | G7: =F7 -> 270 | H7: =G7 -> 270 | I7: =H7 -> 270 | J7: =I7 -> 270 | K7: =J7+200 -> 470 | L7: =K7 -> 470 | M7: =L7 -> 470 | N7: =M7 -> 470 | O7: =N7 -> 470 | P7: =O7 -> 470 | Q7: =P7 -> 470
A8: DJN_CHP | B8: DJN_LNG | C8: 136 | D8: =C8 -> 136 | E8: =D8 -> 136 | F8: =E8 -> 136 | G8: =F8 -> 136 | H8: =G8 -> 136 | I8: =H8 -> 136 | J8: =I8 -> 136 | K8: =J8 -> 136 | ... Q8: =P8 -> 136
A9: GWJ_CHP | B9: GWJ_LNG | C9: 115 | D9: =C9 -> 115 | E9: =D9 -> 115 | F9: =E9 -> 115 | G9: =F9 -> 115 | H9: =G9 -> 115 | I9: =H9 -> 115 | J9: =I9 -> 115 | K9: =J9 -> 115 | ... Q9: =P9 -> 115
A10: SJN_CHP | B10: SJN_LNG | C10: 1127 | D10: =C10 -> 1127 | E10: =D10 -> 1127 | F10: =E10 -> 1127 | G10: =F10 -> 1127 | H10: =G10 -> 1127 | I10: =H10 -> 1127 | J10: =I10 -> 1127 | K10: =J10 -> 1127 | ... Q10: =P10 -> 1127
A11: JBD_CHP | B11: JBD_LNG | C11: 445 | D11: =C11 -> 445 | E11: =D11 -> 445 | F11: =E11 -> 445 | G11: =F11 -> 445 | H11: =G11 -> 445 | I11: =H11 -> 445 | J11: =I11 -> 445 | K11: =J11+200 -> 645 | L11: =K11 -> 645 | M11: =L11 -> 645 | N11: =M11 -> 645 | O11: =N11 -> 645 | P11: =O11 -> 645 | Q11: =P11 -> 645
A12: JND_CHP | B12: JND_LNG | C12: 312 | D12: =C12 -> 312 | E12: =D12+495 -> 807 | F12: =E12 -> 807 | G12: =F12 -> 807 | H12: =G12 -> 807 | I12: =H12 -> 807 | J12: =I12 -> 807 | K12: =J12+200 -> 1007 | L12: =K12 -> 1007 | M12: =L12 -> 1007 | N12: =M12 -> 1007 | O12: =N12 -> 1007 | P12: =O12 -> 1007 | Q12: =P12 -> 1007
A13: BSN_CHP | B13: BSN_LNG | C13: 19 | D13: =C13 -> 19 | E13: =D13 -> 19 | F13: =E13 -> 19 | G13: =F13 -> 19 | H13: =G13 -> 19 | I13: =H13 -> 19 | J13: =I13 -> 19 | K13: =J13 -> 19 | ... Q13: =P13 -> 19
A14: DGU_CHP | B14: DGU_LNG | C14: 713 | D14: =C14 -> 713 | E14: =D14 -> 713 | F14: =E14 -> 713 | G14: =F14 -> 713 | H14: =G14 -> 713 | I14: =H14 -> 713 | J14: =I14 -> 713 | K14: =J14+200 -> 913 | L14: =K14 -> 913 | M14: =L14 -> 913 | N14: =M14 -> 913 | O14: =N14 -> 913 | P14: =O14 -> 913 | Q14: =P14 -> 913
A15: GBD_CHP | B15: GBD_LNG | C15: 156 | D15: =C15 -> 156 | E15: =D15 -> 156 | F15: =E15 -> 156 | G15: =F15 -> 156 | H15: =G15 -> 156 | I15: =H15 -> 156 | J15: =I15 -> 156 | K15: =J15+200 -> 356 | L15: =K15 -> 356 | M15: =L15 -> 356 | N15: =M15 -> 356 | O15: =N15 -> 356 | P15: =O15 -> 356 | Q15: =P15 -> 356
A16: GND_CHP | B16: GND_LNG | C16: 145 | D16: =C16 -> 145 | E16: =D16 -> 145 | F16: =E16 -> 145 | G16: =F16 -> 145 | H16: =G16 -> 145 | I16: =H16 -> 145 | J16: =I16 -> 145 | K16: =J16+200 -> 345 | L16: =K16 -> 345 | M16: =L16 -> 345 | N16: =M16 -> 345 | O16: =N16 -> 345 | P16: =O16 -> 345 | Q16: =P16 -> 345
C17: =SUM(#REF!) -> #REF! | D17: =SUM(#REF!) -> #REF! | E17: =SUM(#REF!) -> #REF! | F17: =SUM(#REF!) -> #REF! | G17: =SUM(#REF!) -> #REF! | H17: =SUM(#REF!) -> #REF! | I17: =SUM(#REF!) -> #REF! | J17: =SUM(#REF!) -> #REF! | ... S17: =SUM(#REF!) -> #REF!
C18: =SUM(#REF!) -> #REF! | D18: =SUM(#REF!) -> #REF! | E18: =SUM(#REF!) -> #REF! | F18: =SUM(#REF!) -> #REF! | G18: =SUM(#REF!) -> #REF! | H18: =SUM(#REF!) -> #REF! | I18: =SUM(#REF!) -> #REF! | J18: =SUM(#REF!) -> #REF! | ... S18: =SUM(#REF!) -> #REF!
C21: =28150+4369 -> 32519 | D21: =31964+4852 -> 36816 | E21: =36090+5344 -> 41434 | F21: =40417+5851 -> 46268 | G21: =44822+6369 -> 51191 | H21: =49272+6899 -> 56171 | I21: =55675+7441 -> 63116 | J21: =58711+7993 -> 66704 | K21: =61739+8556 -> 70295 | L21: =64763+9132 -> 73895 | M21: =67784+9722 -> 77506 | N21: =70811+10324 -> 81135 | O21: =72941+10939 -> 83880 | P21: =75072+11569 -> 86641 | Q21: =77203+12211 -> 89414
C22: =C21-C17 -> #REF! | D22: =D21-C17 -> #REF! | E22: =E21-D21 -> 4618 | F22: =F21-E21 -> 4834 | G22: =G21-F21 -> 4923 | H22: =H21-G21 -> 4980 | I22: =I21-H21 -> 6945 | J22: =J21-I21 -> 3588 | K22: =K21-J21 -> 3591 | L22: =L21-K21 -> 3600 | ... Q22: =Q21-P21 -> 2773
C24: =C18 -> #REF! | D24: 3017 | E24: 3958 | F24: 5983 | G24: 8719 | H24: 14661 | I24: 18281 | J24: 22321 | K24: 24868 | L24: 27419 | M24: 29973 | N24: 32972 | O24: 35532 | P24: 38101 | Q24: 40671
D25: =D24-C24 -> #REF! | E25: =E24-D24 -> 941 | F25: =F24-E24 -> 2025 | G25: =G24-F24 -> 2736 | H25: =H24-G24 -> 5942 | I25: =I24-H24 -> 3620 | J25: =J24-I24 -> 4040 | K25: =K24-J24 -> 2547 | ... Q25: =Q24-P24 -> 2570
A26: SEL_ESS | B26: SEL_EL | I26: =H$62*시나리오_발전기!I48/시나리오_발전기!I$63 -> 18.651316 | Q26: =P$70*시나리오_발전기!Q48/시나리오_발전기!Q$63 -> 90.005921
A27: GGD_ESS | B27: GGD_EL | I27: =H$62*시나리오_발전기!I40/시나리오_발전기!I$63 -> 140.92105 | Q27: =P$70*시나리오_발전기!Q40/시나리오_발전기!Q$63 -> 680.04474
A28: GWD_ESS | B28: GWD_EL | I28: =H$62*시나리오_발전기!I42/시나리오_발전기!I$63 -> 151.97368 | Q28: =P$70*시나리오_발전기!Q42/시나리오_발전기!Q$63 -> 733.38158
A29: ICN_ESS | B29: ICN_EL | I29: =H$62*시나리오_발전기!I44/시나리오_발전기!I$63 -> 82.894737 | Q29: =P$70*시나리오_발전기!Q44/시나리오_발전기!Q$63 -> 400.02632
A30: CND_ESS | B30: CND_EL | I30: =H$62*시나리오_발전기!I36/시나리오_발전기!I$63 -> 219.67105 | Q30: =P$70*시나리오_발전기!Q36/시나리오_발전기!Q$63 -> 1060.0697
A31: CBD_ESS | B31: CBD_EL | I31: =H$62*시나리오_발전기!I35/시나리오_발전기!I$63 -> 147.82895 | Q31: =P$70*시나리오_발전기!Q35/시나리오_발전기!Q$63 -> 713.38026
A32: DJN_ESS | B32: DJN_EL | I32: =H$62*시나리오_발전기!I38/시나리오_발전기!I$63 -> 31.085526 | Q32: =P$70*시나리오_발전기!Q38/시나리오_발전기!Q$63 -> 150.00987
A33: GWJ_ESS | B33: GWJ_EL | I33: =H$62*시나리오_발전기!I43/시나리오_발전기!I$63 -> 48.355263 | Q33: =P$70*시나리오_발전기!Q43/시나리오_발전기!Q$63 -> 233.34868
A34: SJN_ESS | B34: SJN_EL | I34: =H$62*시나리오_발전기!I49/시나리오_발전기!I$63 -> 13.815789 | Q34: =P$70*시나리오_발전기!Q49/시나리오_발전기!Q$63 -> 66.671053
A35: JBD_ESS | B35: JBD_EL | I35: =H$62*시나리오_발전기!I45/시나리오_발전기!I$63 -> 326.05263 | Q35: =P$70*시나리오_발전기!Q45/시나리오_발전기!Q$63 -> 1573.4368
A36: JND_ESS | B36: JND_EL | I36: =H$62*시나리오_발전기!I47/시나리오_발전기!I$63 -> 384.07895 | Q36: =P$70*시나리오_발전기!Q47/시나리오_발전기!Q$63 -> 1853.4553
A37: BSN_ESS | B37: BSN_EL | I37: =H$62*시나리오_발전기!I34/시나리오_발전기!I$63 -> 48.355263 | Q37: =P$70*시나리오_발전기!Q34/시나리오_발전기!Q$63 -> 233.34868
A38: DGU_ESS | B38: DGU_EL | I38: =H$62*시나리오_발전기!I37/시나리오_발전기!I$63 -> 70.460526 | Q38: =P$70*시나리오_발전기!Q37/시나리오_발전기!Q$63 -> 340.02237
A39: GBD_ESS | B39: GBD_EL | I39: =H$62*시나리오_발전기!I39/시나리오_발전기!I$63 -> 247.99342 | Q39: =P$70*시나리오_발전기!Q39/시나리오_발전기!Q$63 -> 1196.7454
A40: GND_ESS | B40: GND_EL | I40: =H$62*시나리오_발전기!I41/시나리오_발전기!I$63 -> 129.17763 | Q40: =P$70*시나리오_발전기!Q41/시나리오_발전기!Q$63 -> 623.37434
A41: USN_ESS | B41: USN_EL | I41: =H$62*시나리오_발전기!I50/시나리오_발전기!I$63 -> 38.684211 | Q41: =P$70*시나리오_발전기!Q50/시나리오_발전기!Q$63 -> 186.67895
A42: JJD_ESS | B42: JJD_EL | C42: 0 | D42: =D59 -> 68 | E42: =D42+E59 -> 108 | F42: =E42+F59 -> 148 | G42: =F42+G59 -> 188 | H42: =G42 -> 188 | I42: =I63 -> 194 | J42: =J63 -> 233 | K42: =K63 -> 272 | L42: =L63 -> 311 | M42: =M63 -> 350 | N42: =N63 -> 388 | O42: =O63 -> 427 | P42: =P63 -> 466 | Q42: =Q63 -> 505
A43: GGD_Pumped | B43: GGD_EL | C43: 400 | D43: =C43 -> 400 | E43: =D43 -> 400 | F43: =E43 -> 400 | G43: =F43 -> 400 | H43: =G43 -> 400 | I43: =H43 -> 400 | J43: =I43 -> 400 | K43: =J43 -> 400 | L43: =K43+700 -> 1100 | M43: =L43 -> 1100 | N43: =M43 -> 1100 | O43: =N43 -> 1100 | P43: =O43 -> 1100 | Q43: =P43 -> 1100
A44: GWD_Pumped | B44: GWD_EL | C44: 1000 | D44: =C44 -> 1000 | E44: =D44 -> 1000 | F44: =E44 -> 1000 | G44: =F44 -> 1000 | H44: =G44 -> 1000 | I44: =H44+500 -> 1500 | J44: =I44 -> 1500 | K44: =J44+600 -> 2100 | L44: =K44 -> 2100 | M44: =L44 -> 2100 | N44: =M44 -> 2100 | O44: =N44 -> 2100 | P44: =O44 -> 2100 | Q44: =P44 -> 2100
A45: ICN_Pumped | B45: ICN_EL | C45: 0
A46: CND_Pumped | B46: CND_EL | C46: 0 | P46: 500 | Q46: =P46 -> 500
A47: CBD_Pumped | B47: CBD_EL | C47: 0 | Q47: 650
A48: DJN_Pumped | B48: DJN_EL | C48: 0
A49: GWJ_Pumped | B49: GWJ_EL | C49: 0
A50: SJN_Pumped | B50: SJN_EL | C50: 0
A51: JBD_Pumped | B51: JBD_EL | C51: 600 | D51: =C51 -> 600 | E51: =D51 -> 600 | F51: =E51 -> 600 | G51: =F51 -> 600 | H51: =G51 -> 600 | I51: =H51 -> 600 | J51: =I51 -> 600 | K51: =J51 -> 600 | ... P51: =O51 -> 600 | Q51: 1200
A52: JND_Pumped | B52: JND_EL | C52: 0 | M52: 500 | N52: =M52 -> 500 | O52: =N52 -> 500 | P52: =O52+500 -> 1000 | Q52: =P52 -> 1000
A53: BSN_Pumped | B53: BSN_EL | C53: 0
A54: DGU_Pumped | B54: DGU_EL | C54: 0
A55: GBD_Pumped | B55: GBD_EL | C55: 1400 | D55: =C55 -> 1400 | E55: =D55 -> 1400 | F55: =E55 -> 1400 | G55: =F55 -> 1400 | H55: =G55 -> 1400 | I55: =H55 -> 1400 | J55: =I55 -> 1400 | K55: =J55 -> 1400 | ... N55: =M55 -> 1400 | O55: =N55+1500 -> 2900 | P55: =O55 -> 2900 | Q55: =P55 -> 2900
A56: GND_Pumped | B56: GND_EL | C56: 1300 | D56: =C56 -> 1300 | E56: =D56 -> 1300 | F56: =E56 -> 1300 | G56: =F56 -> 1300 | H56: =G56 -> 1300 | I56: =H56 -> 1300 | J56: =I56 -> 1300 | K56: =J56 -> 1300 | L56: =K56 -> 1300 | M56: =L56+900 -> 2200 | N56: =M56 -> 2200 | O56: =N56 -> 2200 | P56: =O56 -> 2200 | Q56: =P56 -> 2200
C57: =SUM(C26:C56) -> 4700 | D57: =SUM(D26:D56) -> 4768 | E57: =SUM(E26:E56) -> 4808 | F57: =SUM(F26:F56) -> 4848 | G57: =SUM(G26:G56) -> 4888 | H57: =SUM(H26:H56) -> 4888 | I57: =SUM(I26:I56) -> 7494 | J57: =SUM(J26:J56) -> 5433 | ... Q57: =SUM(Q26:Q56) -> 22289
A58: ESS | B58: 전국 | C58: 0 | E58: 500 | F58: 500 | G58: 500 | H58: 600
B59: 제주 | C59: 0 | D59: 68 | E59: 40 | F59: 40 | G59: 40
A60: Pumped | C60: 4700 | I60: 500 | K60: 600 | L60: 700 | M60: 1400 | O60: 1500 | P60: 1000 | Q60: 1250
A62: 필요물량 | B62: 전국 | G62: 1000 | H62: 2100 | I62: 4000 | J62: 7600 | K62: 10000 | L62: 12500 | M62: 17500 | N62: 17500 | O62: 20000 | P62: 21000 | Q62: 22500
B63: 제주 | E63: 39 | F63: 78 | G63: 117 | H63: 155 | I63: 194 | J63: 233 | K63: 272 | L63: 311 | M63: 350 | N63: 388 | O63: 427 | P63: 466 | Q63: 505
C65: =C58+C60 -> 4700 | D65: =D58+D60 -> 0 | E65: =E58+E60 -> 500 | F65: =F58+F60 -> 500 | G65: =G58+G60 -> 500 | H65: =H58+H60 -> 600 | I65: =I58+I60 -> 500 | J65: =J58+J60 -> 0 | ... Q65: =Q58+Q60 -> 1250
D66: =C65+D65 -> 4700 | E66: =D66+E65 -> 5200 | F66: =E66+F65 -> 5700 | G66: =F66+G65 -> 6200 | H66: =G66+H65 -> 6800 | I66: =H66+I65 -> 7300 | J66: =I66+J65 -> 7300 | K66: =J66+K65 -> 7900 | L66: =K66+L65 -> 8600 | ... Q66: =P66+Q65 -> 13750
B68: ESS 추가 필요물량 | J68: =J62-J66 -> 300 | K68: =K62-K66 -> 2100 | L68: =L62-L66 -> 3900 | M68: =M62-M66 -> 7500 | N68: =N62-N66 -> 7500 | O68: =O62-O66 -> 8500 | P68: =P62-P66 -> 8500 | Q68: =Q62-Q66 -> 8750 | S68: 가정: 재생에너지 설비용량에 비례하여 배분, 특정 지역이 언급되지 않은 계획
C70: =C62-C57 -> -4700 | D70: =D62-D57 -> -4768 | E70: =E62-E57 -> -4808 | F70: =F62-F57 -> -4848 | G70: =G62-G57 -> -3888 | H70: =H62-H57 -> -2788 | I70: =I62-I57 -> -3494 | J70: =J62-J57 -> 2167 | ... Q70: =Q62-Q57 -> 211

Sheet 시나리오_발전기
A1: 이름 | B1: 버스 | C1: 2024 | D1: 2025 | E1: 2026 | F1: 2027 | G1: 2028 | H1: 2029 | I1: 2030 | J1: 2031 | K1: 2032 | L1: 2033 | M1: 2034 | N1: 2035 | O1: 2036 | P1: 2037 | Q1: 2038 | R1: 2039 | S1: 2040
A2: CND_Coal | B2: CND_CND_EL | C2: 18246 | D2: =C2-500 -> 17746 | E2: =D2-500-500 -> 16746 | F2: =E2-500 -> 16246 | G2: =F2-500 -> 15746 | H2: =G2-500-500-500 -> 14246 | I2: =H2-500-500 -> 13246 | J2: =I2 -> 13246 | K2: =J2-500-500 -> 12246 | L2: =K2 -> 12246 | M2: =L2 -> 12246 | N2: =M2 -> 12246 | O2: =N2-500-500 -> 11246 | P2: =O2-500-500-500-500 -> 9246 | Q2: =P2-550-500-500-500 -> 7196
A3: GND_Coal | B3: GND_GND_EL | C3: 8200 | D3: =C3 -> 8200 | E3: =D3-500 -> 7700 | F3: =E3-560-560-500-500 -> 5580 | G3: =F3-500-500 -> 4580 | H3: =G3-500 -> 4080 | I3: =H3 -> 4080 | J3: =I3-500-500 -> 3080 | K3: =J3 -> 3080 | L3: =K3 -> 3080 | M3: =L3 -> 3080 | N3: =M3 -> 3080 | O3: =N3 -> 3080 | P3: =O3 -> 3080 | Q3: =P3 -> 3080
A4: GWD_Coal | B4: GWD_GWD_EL | C4: 7814 | D4: =C4+1050 -> 8864 | E4: =D4 -> 8864 | F4: =E4 -> 8864 | G4: =F4 -> 8864 | H4: =G4-200-200 -> 8464 | I4: =H4 -> 8464 | J4: =I4 -> 8464 | K4: =J4 -> 8464 | L4: =K4 -> 8464 | M4: =L4 -> 8464 | N4: =M4 -> 8464 | O4: =N4 -> 8464 | P4: =O4 -> 8464 | Q4: =P4 -> 8464
A5: ICN_Coal | B5: ICN_ICN_EL | C5: 5080 | D5: =C5 -> 5080 | E5: =D5 -> 5080 | F5: =E5 -> 5080 | G5: =F5 -> 5080 | H5: =G5 -> 5080 | I5: =H5 -> 5080 | J5: =I5 -> 5080 | K5: =J5 -> 5080 | L5: =K5 -> 5080 | M5: =L5-800-800 -> 3480 | N5: =M5 -> 3480 | O5: =N5 -> 3480 | P5: =O5 -> 3480 | Q5: =P5-870 -> 2610
A6: JND_Coal | B6: JND_JND_EL | C6: 668 | D6: =C6 -> 668 | E6: =D6 -> 668 | F6: =E6 -> 668 | G6: =F6 -> 668 | H6: =G6 -> 668 | I6: =H6 -> 668 | J6: =I6 -> 668 | K6: =J6 -> 668 | ... Q6: =P6 -> 668
A7: BSN_LNG | B7: BSN_BSN_EL | C7: 1845 | D7: =C7 -> 1845 | E7: =D7 -> 1845 | F7: =E7 -> 1845 | G7: =F7 -> 1845 | H7: =G7 -> 1845 | I7: =H7 -> 1845 | J7: =I7 -> 1845 | K7: =J7 -> 1845 | L7: =K7 -> 1845 | M7: =L7+100 -> 1945 | N7: =M7 -> 1945 | O7: =N7 -> 1945 | P7: =O7 -> 1945 | Q7: =P7 -> 1945
A8: CND_LNG | B8: CND_CND_EL | C8: 4077 | D8: =C8 -> 4077 | E8: =D8+500+500-466+512 -> 5123 | F8: =E8 -> 5123 | G8: =F8 -> 5123 | H8: =G8+500 -> 5623 | I8: =H8 -> 5623 | J8: =I8 -> 5623 | K8: =J8 -> 5623 | L8: =K8+200 -> 5823 | M8: =L8 -> 5823 | N8: =M8 -> 5823 | O8: =N8+500+500 -> 6823 | P8: =O8+500+500+500 -> 8323 | Q8: =P8+550+500+500 -> 9873
A9: CBD_LNG | B9: CBD_CBD_EL | C9: 0 | D9: 561 | E9: =D9 -> 561 | F9: =E9 -> 561 | G9: =F9+561 -> 1122 | H9: =G9 -> 1122 | I9: =H9 -> 1122 | J9: =I9 -> 1122 | K9: =J9 -> 1122 | L9: =K9+200 -> 1322 | M9: =L9 -> 1322 | N9: =M9 -> 1322 | O9: =N9 -> 1322 | P9: =O9 -> 1322 | Q9: =P9 -> 1322
A10: GBD_LNG | B10: GBD_GBD_EL | C10: 361 | D10: =C10+500 -> 861 | E10: =D10+500 -> 1361 | F10: =E10 -> 1361 | G10: =F10 -> 1361 | H10: =G10 -> 1361 | I10: =H10 -> 1361 | J10: =I10 -> 1361 | K10: =J10 -> 1361 | L10: =K10+200 -> 1561 | M10: =L10 -> 1561 | N10: =M10 -> 1561 | O10: =N10 -> 1561 | P10: =O10 -> 1561 | Q10: =P10 -> 1561
A11: GGD_LNG | B11: GGD_GGD_EL | C11: 11836 | D11: =C11-350*4+498 -> 10934 | E11: =D11 -> 10934 | F11: =E11-574+500 -> 10860 | G11: =F11-450+498 -> 10908 | H11: =G11 -> 10908 | I11: =H11+500+500 -> 11908 | J11: =I11+500+500 -> 12908 | K11: =J11-348+500+500+500 -> 14060 | L11: =K11+200 -> 14260 | M11: =L11 -> 14260 | N11: =M11 -> 14260 | O11: =N11 -> 14260 | P11: =O11 -> 14260 | Q11: =P11+400 -> 14660
A12: GND_LNG | B12: GND_GND_EL | C12: 1012 | D12: =C12 -> 1012 | E12: =D12 -> 1012 | F12: =E12+1120+1000+500 -> 3632 | G12: =F12+500+500 -> 4632 | H12: =G12+500 -> 5132 | I12: =H12 -> 5132 | J12: =I12 -> 5132 | K12: =J12 -> 5132 | L12: =K12+200 -> 5332 | M12: =L12 -> 5332 | N12: =M12 -> 5332 | O12: =N12 -> 5332 | P12: =O12 -> 5332 | Q12: =P12+400 -> 5732
A13: GWD_LNG | B13: GWD_GWD_EL | C13: 848 | D13: =C13 -> 848 | E13: =D13 -> 848 | F13: =E13 -> 848 | G13: =F13 -> 848 | H13: =G13+400 -> 1248 | I13: =H13 -> 1248 | J13: =I13 -> 1248 | K13: =J13 -> 1248 | L13: =K13+200 -> 1448 | M13: =L13 -> 1448 | N13: =M13 -> 1448 | O13: =N13 -> 1448 | P13: =O13 -> 1448 | Q13: =P13 -> 1448
A14: ICN_LNG | B14: ICN_ICN_EL | C14: 8238 | D14: =C14 -> 8238 | E14: =D14 -> 8238 | F14: =E14 -> 8238 | G14: =F14 -> 8238 | H14: =G14 -> 8238 | I14: =H14 -> 8238 | J14: =I14 -> 8238 | K14: =J14 -> 8238 | L14: =K14 -> 8238 | M14: =L14+800+800 -> 9838 | N14: =M14 -> 9838 | O14: =N14 -> 9838 | P14: =O14+370 -> 10208 | Q14: =P14+300 -> 10508
A15: JBD_LNG | B15: JBD_JBD_EL | C15: 718 | D15: =C15 -> 718 | E15: =D15 -> 718 | F15: =E15 -> 718 | G15: =F15 -> 718 | H15: =G15 -> 718 | I15: =H15 -> 718 | J15: =I15 -> 718 | K15: =J15 -> 718 | ... Q15: =P15 -> 718
A16: JND_LNG | B16: JND_JND_EL | C16: 2378 | D16: =C16 -> 2378 | E16: =D16 -> 2378 | F16: =E16 -> 2378 | G16: =F16+500 -> 2878 | H16: =G16+1000 -> 3878 | I16: =H16 -> 3878 | J16: =I16 -> 3878 | K16: =J16 -> 3878 | L16: =K16+200 -> 4078 | M16: =L16 -> 4078 | N16: =M16 -> 4078 | O16: =N16 -> 4078 | P16: =O16+200 -> 4278 | Q16: =P16+300 -> 4578
A17: SEL_LNG | B17: SEL_SEL_EL | C17: 738 | D17: =C17 -> 738 | E17: =D17 -> 738 | F17: =E17 -> 738 | G17: =F17 -> 738 | H17: =G17 -> 738 | I17: =H17 -> 738 | J17: =I17 -> 738 | K17: =J17 -> 738 | ... Q17: =P17 -> 738
A18: USN_LNG | B18: USN_USN_EL | C18: 3619 | D18: =C18 -> 3619 | E18: =D18 -> 3619 | F18: =E18 -> 3619 | G18: =F18 -> 3619 | H18: =G18 -> 3619 | I18: =H18 -> 3619 | J18: =I18 -> 3619 | K18: =J18 -> 3619 | ... Q18: =P18 -> 3619
A19: JJD_LNG | B19: JJD_JJD_EL | C19: 492 | D19: =C19 -> 492 | E19: =D19 -> 492 | F19: =E19 -> 492 | G19: =F19 -> 492 | H19: =G19 -> 492 | I19: =H19 -> 492 | J19: =I19 -> 492 | K19: =J19 -> 492 | ... Q19: =P19 -> 492
A20: USN_H2 | B20: USN_USN_EL | C20: 0 | D20: 0 | E20: 0 | F20: 0 | G20: 0 | H20: 0 | I20: 0 | J20: =I20 -> 0 | K20: =J20 -> 0 | L20: =K20 -> 0 | M20: =L20 -> 0 | N20: 700 | O20: =N20+800 -> 1500 | P20: =O20 -> 1500 | Q20: =P20 -> 1500
A21: BSN_Nuclear | B21: BSN_BSN_EL | C21: 4550 | D21: =C21 -> 4550 | E21: =D21 -> 4550 | F21: =E21 -> 4550 | G21: =F21 -> 4550 | H21: =G21 -> 4550 | I21: =H21 -> 4550 | J21: =I21 -> 4550 | K21: =J21 -> 4550 | ... Q21: =P21 -> 4550
A22: GBD_Nuclear | B22: GBD_GBD_EL | C22: 11400 | D22: =C22 -> 11400 | E22: =D22 -> 11400 | F22: =E22 -> 11400 | G22: =F22 -> 11400 | H22: =G22 -> 11400 | I22: =H22 -> 11400 | J22: =I22 -> 11400 | K22: =J22+1400 -> 12800 | L22: =K22+1400 -> 14200 | M22: =L22+175+175 -> 14550 | N22: =M22+175+175 -> 14900 | O22: =N22 -> 14900 | P22: =O22 -> 14900 | Q22: =P22 -> 14900
A23: JND_Nuclear | B23: JND_JND_EL | C23: 5900 | D23: =C23 -> 5900 | E23: =D23 -> 5900 | F23: =E23 -> 5900 | G23: =F23 -> 5900 | H23: =G23 -> 5900 | I23: =H23 -> 5900 | J23: =I23 -> 5900 | K23: =J23 -> 5900 | ... Q23: =P23 -> 5900
A24: USN_Nuclear | B24: USN_USN_EL | C24: 2800 | D24: =C24 -> 2800 | E24: =D24+1400+1400 -> 5600 | F24: =E24 -> 5600 | G24: =F24 -> 5600 | H24: =G24 -> 5600 | I24: =H24 -> 5600 | J24: =I24 -> 5600 | K24: =J24 -> 5600 | L24: =K24 -> 5600 | M24: =L24 -> 5600 | ... O24: =N24 -> 5600 | P24: =O24+1400 -> 7000 | Q24: =P24+1400 -> 8400
A25: CBD_Hydro | B25: CBD_CBD_EL | C25: 518 | D25: =C25 -> 518 | E25: =D25 -> 518 | F25: =E25 -> 518 | G25: =F25 -> 518 | H25: =G25 -> 518 | I25: =H25 -> 518 | J25: =I25 -> 518 | K25: =J25 -> 518 | ... Q25: =P25 -> 518
A26: CND_Hydro | B26: CND_CND_EL | C26: 32 | D26: =C26 -> 32 | E26: =D26 -> 32 | F26: =E26 -> 32 | G26: =F26 -> 32 | H26: =G26 -> 32 | I26: =H26 -> 32 | J26: =I26 -> 32 | K26: =J26 -> 32 | ... Q26: =P26 -> 32
A27: GBD_Hydro | B27: GBD_GBD_EL | C27: 179 | D27: =C27 -> 179 | E27: =D27 -> 179 | F27: =E27 -> 179 | G27: =F27 -> 179 | H27: =G27 -> 179 | I27: =H27 -> 179 | J27: =I27 -> 179 | K27: =J27 -> 179 | ... Q27: =P27 -> 179
A28: GGD_Hydro | B28: GGD_GGD_EL | C28: 275 | D28: =C28 -> 275 | E28: =D28 -> 275 | F28: =E28 -> 275 | G28: =F28 -> 275 | H28: =G28 -> 275 | I28: =H28 -> 275 | J28: =I28 -> 275 | K28: =J28 -> 275 | ... Q28: =P28 -> 275
A29: ICN_Hydro | B29: ICN_ICN_EL | C29: 12 | D29: =C29 -> 12 | E29: =D29 -> 12 | F29: =E29 -> 12 | G29: =F29 -> 12 | H29: =G29 -> 12 | I29: =H29 -> 12 | J29: =I29 -> 12 | K29: =J29 -> 12 | ... Q29: =P29 -> 12
A30: GND_Hydro | B30: GND_GND_EL | C30: 145 | D30: =C30 -> 145 | E30: =D30 -> 145 | F30: =E30 -> 145 | G30: =F30 -> 145 | H30: =G30 -> 145 | I30: =H30 -> 145 | J30: =I30 -> 145 | K30: =J30 -> 145 | ... Q30: =P30 -> 145
A31: GWD_Hydro | B31: GWD_GWD_EL | C31: 525 | D31: =C31 -> 525 | E31: =D31 -> 525 | F31: =E31 -> 525 | G31: =F31 -> 525 | H31: =G31 -> 525 | I31: =H31 -> 525 | J31: =I31 -> 525 | K31: =J31 -> 525 | ... Q31: =P31 -> 525
A32: JBD_Hydro | B32: JBD_JBD_EL | C32: 77 | D32: =C32 -> 77 | E32: =D32 -> 77 | F32: =E32 -> 77 | G32: =F32 -> 77 | H32: =G32 -> 77 | I32: =H32 -> 77 | J32: =I32 -> 77 | K32: =J32 -> 77 | ... Q32: =P32 -> 77
A33: JND_Hydro | B33: JND_JND_EL | C33: 38 | D33: =C33 -> 38 | E33: =D33 -> 38 | F33: =E33 -> 38 | G33: =F33 -> 38 | H33: =G33 -> 38 | I33: =H33 -> 38 | J33: =I33 -> 38 | K33: =J33 -> 38 | ... Q33: =P33 -> 38
A34: BSN_PV | B34: BSN_BSN_EL | C34: 700 | D34: =D$66*C34/C$61+C34 -> 836.72727 | E34: =E$66*D34/D$61+D34 -> 941.68182 | F34: =F$66*E34/E$61+E34 -> 1051.5455 | G34: =G$66*F34/F$61+F34 -> 1163.4318 | H34: =H$66*G34/G$61+G34 -> 1276.6136 | I34: =I$66*H34/H$61+H34 -> 1434.4545 | J34: =J$66*I34/I$61+I34 -> 1516 | K34: =K$66*J34/J$61+J34 -> 1597.6136 | ... Q34: =Q$66*P34/P$61+P34 -> 2032.1364
A35: CBD_PV | B35: CBD_CBD_EL | C35: 2140 | D35: =D$66*C35/C$61+C35 -> 2557.9948 | E35: =E$66*D35/D$61+D35 -> 2878.8558 | F35: =F$66*E35/E$61+E35 -> 3214.7247 | G35: =G$66*F35/F$61+F35 -> 3556.7773 | H35: =H$66*G35/G$61+G35 -> 3902.7903 | I35: =I$66*H35/H$61+H35 -> 4385.3325 | J35: =J$66*I35/I$61+I35 -> 4634.6286 | K35: =K$66*J35/J$61+J35 -> 4884.1331 | ... Q35: =Q$66*P35/P$61+P35 -> 6212.5312
A36: CND_PV | B36: CND_CND_EL | C36: 3180 | D36: =D$66*C36/C$61+C36 -> 3801.1325 | E36: =E$66*D36/D$61+D36 -> 4277.926 | F36: =F$66*E36/E$61+E36 -> 4777.0208 | G36: =G$66*F36/F$61+F36 -> 5285.3045 | H36: =H$66*G36/G$61+G36 -> 5799.4734 | I36: =I$66*H36/H$61+H36 -> 6516.5221 | J36: =J$66*I36/I$61+I36 -> 6886.9714 | K36: =K$66*J36/J$61+J36 -> 7257.7305 | ... Q36: =Q$66*P36/P$61+P36 -> 9231.7052
A37: DGU_PV | B37: DGU_DGU_EL | C37: 1020 | D37: =D$66*C37/C$61+C37 -> 1219.2312 | E37: =E$66*D37/D$61+D37 -> 1372.1649 | F37: =F$66*E37/E$61+E37 -> 1532.2519 | G37: =G$66*F37/F$61+F37 -> 1695.2864 | H37: =H$66*G37/G$61+G37 -> 1860.2084 | I37: =I$66*H37/H$61+H37 -> 2090.2052 | J37: =J$66*I37/I$61+I37 -> 2209.0286 | K37: =K$66*J37/J$61+J37 -> 2327.9513 | ... Q37: =Q$66*P37/P$61+P37 -> 2961.113
A38: DJN_PV | B38: DJN_DJN_EL | C38: 450 | D38: =D$66*C38/C$61+C38 -> 537.8961 | E38: =E$66*D38/D$61+D38 -> 605.36688 | F38: =F$66*E38/E$61+E38 -> 675.99351 | G38: =G$66*F38/F$61+F38 -> 747.92045 | H38: =H$66*G38/G$61+G38 -> 820.68019 | I38: =I$66*H38/H$61+H38 -> 922.14935 | J38: =J$66*I38/I$61+I38 -> 974.57143 | K38: =K$66*J38/J$61+J38 -> 1027.0373 | ... Q38: =Q$66*P38/P$61+P38 -> 1306.3734
A39: GBD_PV | B39: GBD_GBD_EL | C39: 3590 | D39: =D$66*C39/C$61+C39 -> 4291.2156 | E39: =E$66*D39/D$61+D39 -> 4829.4825 | F39: =F$66*E39/E$61+E39 -> 5392.926 | G39: =G$66*F39/F$61+F39 -> 5966.7432 | H39: =H$66*G39/G$61+G39 -> 6547.2042 | I39: =I$66*H39/H$61+H39 -> 7356.7026 | J39: =J$66*I39/I$61+I39 -> 7774.9143 | K39: =K$66*J39/J$61+J39 -> 8193.4756 | ... Q39: =Q$66*P39/P$61+P39 -> 10421.956
A40: GGD_PV | B40: GGD_GGD_EL | C40: 2040 | D40: =D$66*C40/C$61+C40 -> 2438.4623 | E40: =E$66*D40/D$61+D40 -> 2744.3299 | F40: =F$66*E40/E$61+E40 -> 3064.5039 | G40: =G$66*F40/F$61+F40 -> 3390.5727 | H40: =H$66*G40/G$61+G40 -> 3720.4169 | I40: =I$66*H40/H$61+H40 -> 4180.4104 | J40: =J$66*I40/I$61+I40 -> 4418.0571 | K40: =K$66*J40/J$61+J40 -> 4655.9026 | ... Q40: =Q$66*P40/P$61+P40 -> 5922.226
A41: GND_PV | B41: GND_GND_EL | C41: 1870 | D41: =D$66*C41/C$61+C41 -> 2235.2571 | E41: =E$66*D41/D$61+D41 -> 2515.6357 | F41: =F$66*E41/E$61+E41 -> 2809.1286 | G41: =G$66*F41/F$61+F41 -> 3108.025 | H41: =H$66*G41/G$61+G41 -> 3410.3821 | I41: =I$66*H41/H$61+H41 -> 3832.0429 | J41: =J$66*I41/I$61+I41 -> 4049.8857 | K41: =K$66*J41/J$61+J41 -> 4267.9107 | ... Q41: =Q$66*P41/P$61+P41 -> 5428.7071
A42: GWD_PV | B42: GWD_GWD_EL | C42: 2200 | D42: =D$66*C42/C$61+C42 -> 2629.7143 | E42: =E$66*D42/D$61+D42 -> 2959.5714 | F42: =F$66*E42/E$61+E42 -> 3304.8571 | G42: =G$66*F42/F$61+F42 -> 3656.5 | H42: =H$66*G42/G$61+G42 -> 4012.2143 | I42: =I$66*H42/H$61+H42 -> 4508.2857 | J42: =J$66*I42/I$61+I42 -> 4764.5714 | K42: =K$66*J42/J$61+J42 -> 5021.0714 | ... Q42: =Q$66*P42/P$61+P42 -> 6386.7143
A43: GWJ_PV | B43: GWJ_GWJ_EL | C43: 700 | D43: =D$66*C43/C$61+C43 -> 836.72727 | E43: =E$66*D43/D$61+D43 -> 941.68182 | F43: =F$66*E43/E$61+E43 -> 1051.5455 | G43: =G$66*F43/F$61+F43 -> 1163.4318 | H43: =H$66*G43/G$61+G43 -> 1276.6136 | I43: =I$66*H43/H$61+H43 -> 1434.4545 | J43: =J$66*I43/I$61+I43 -> 1516 | K43: =K$66*J43/J$61+J43 -> 1597.6136 | ... Q43: =Q$66*P43/P$61+P43 -> 2032.1364
A44: ICN_PV | B44: ICN_ICN_EL | C44: 1200 | D44: =D$66*C44/C$61+C44 -> 1434.3896 | E44: =E$66*D44/D$61+D44 -> 1614.3117 | F44: =F$66*E44/E$61+E44 -> 1802.6494 | G44: =G$66*F44/F$61+F44 -> 1994.4545 | H44: =H$66*G44/G$61+G44 -> 2188.4805 | I44: =I$66*H44/H$61+H44 -> 2459.0649 | J44: =J$66*I44/I$61+I44 -> 2598.8571 | K44: =K$66*J44/J$61+J44 -> 2738.7662 | ... Q44: =Q$66*P44/P$61+P44 -> 3483.6623
A45: JBD_PV | B45: JBD_JBD_EL | C45: 4720 | D45: =D$66*C45/C$61+C45 -> 5641.9325 | E45: =E$66*D45/D$61+D45 -> 6349.626 | F45: =F$66*E45/E$61+E45 -> 7090.4208 | G45: =G$66*F45/F$61+F45 -> 7844.8545 | H45: =H$66*G45/G$61+G45 -> 8608.0234 | I45: =I$66*H45/H$61+H45 -> 9672.3221 | J45: =J$66*I45/I$61+I45 -> 10222.171 | K45: =K$66*J45/J$61+J45 -> 10772.481 | ... Q45: =Q$66*P45/P$61+P45 -> 13702.405
... A50: USN_PV | B50: USN_USN_EL | C50: 560 | D50: =D$66*C50/C$61+C50 -> 669.38182 | E50: =E$66*D50/D$61+D50 -> 753.34545 | F50: =F$66*E50/E$61+E50 -> 841.23636 | G50: =G$66*F50/F$61+F50 -> 930.74545 | H50: =H$66*G50/G$61+G50 -> 1021.2909 | I50: =I$66*H50/H$61+H50 -> 1147.5636 | J50: =J$66*I50/I$61+I50 -> 1212.8 | K50: =K$66*J50/J$61+J50 -> 1278.0909 | ... Q50: =Q$66*P50/P$61+P50 -> 1625.7091
A51: BSN_WT | B51: BSN_BSN_EL | C51: 30 | D51: =D$69*C51/C$62+C51 -> 40.954751 | E51: =E$69*D51/D$62+D51 -> 53.728507 | F51: =F$69*E51/E$62+E51 -> 81.217195 | G51: =G$69*F51/F$62+F51 -> 118.35747 | H51: =H$69*G51/G$62+G51 -> 199.0181 | I51: =I$69*H51/H$62+H51 -> 248.15837 | J51: =J$69*I51/I$62+I51 -> 303 | K51: =K$69*J51/J$62+J51 -> 337.57466 | ... Q51: =Q$69*P51/P$62+P51 -> 552.09502
A52: CBD_WT | B52: CBD_CBD_EL | C52: 30 | D52: =D$69*C52/C$62+C52 -> 40.954751 | E52: =E$69*D52/D$62+D52 -> 53.728507 | F52: =F$69*E52/E$62+E52 -> 81.217195 | G52: =G$69*F52/F$62+F52 -> 118.35747 | H52: =H$69*G52/G$62+G52 -> 199.0181 | I52: =I$69*H52/H$62+H52 -> 248.15837 | J52: =J$69*I52/I$62+I52 -> 303 | K52: =K$69*J52/J$62+J52 -> 337.57466 | ... Q52: =Q$69*P52/P$62+P52 -> 552.09502
A53: CND_WT | B53: CND_CND_EL | C53: 10 | D53: =D$69*C53/C$62+C53 -> 13.651584 | E53: =E$69*D53/D$62+D53 -> 17.909502 | F53: =F$69*E53/E$62+E53 -> 27.072398 | G53: =G$69*F53/F$62+F53 -> 39.452489 | H53: =H$69*G53/G$62+G53 -> 66.339367 | I53: =I$69*H53/H$62+H53 -> 82.719457 | J53: =J$69*I53/I$62+I53 -> 101 | K53: =K$69*J53/J$62+J53 -> 112.52489 | ... Q53: =Q$69*P53/P$62+P53 -> 184.03167
A54: GBD_WT | B54: GBD_GBD_EL | C54: 530 | D54: =D$69*C54/C$62+C54 -> 723.53394 | E54: =E$69*D54/D$62+D54 -> 949.20362 | F54: =F$69*E54/E$62+E54 -> 1434.8371 | G54: =G$69*F54/F$62+F54 -> 2090.9819 | H54: =H$69*G54/G$62+G54 -> 3515.9864 | I54: =I$69*H54/H$62+H54 -> 4384.1312 | J54: =J$69*I54/I$62+I54 -> 5353 | K54: =K$69*J54/J$62+J54 -> 5963.819 | ... Q54: =Q$69*P54/P$62+P54 -> 9753.6787
A55: GGD_WT | B55: GGD_GGD_EL | C55: 60 | D55: =D$69*C55/C$62+C55 -> 81.909502 | E55: =E$69*D55/D$62+D55 -> 107.45701 | F55: =F$69*E55/E$62+E55 -> 162.43439 | G55: =G$69*F55/F$62+F55 -> 236.71493 | H55: =H$69*G55/G$62+G55 -> 398.0362 | I55: =I$69*H55/H$62+H55 -> 496.31674 | J55: =J$69*I55/I$62+I55 -> 606 | K55: =K$69*J55/J$62+J55 -> 675.14932 | ... Q55: =Q$69*P55/P$62+P55 -> 1104.19
A56: GND_WT | B56: GND_GND_EL | C56: 110 | D56: =D$69*C56/C$62+C56 -> 150.16742 | E56: =E$69*D56/D$62+D56 -> 197.00452 | F56: =F$69*E56/E$62+E56 -> 297.79638 | G56: =G$69*F56/F$62+F56 -> 433.97738 | H56: =H$69*G56/G$62+G56 -> 729.73303 | I56: =I$69*H56/H$62+H56 -> 909.91403 | J56: =J$69*I56/I$62+I56 -> 1111 | K56: =K$69*J56/J$62+J56 -> 1237.7738 | ... Q56: =Q$69*P56/P$62+P56 -> 2024.3484
A57: GWD_WT | B57: GWD_GWD_EL | C57: 590 | D57: =D$69*C57/C$62+C57 -> 805.44344 | E57: =E$69*D57/D$62+D57 -> 1056.6606 | F57: =F$69*E57/E$62+E57 -> 1597.2715 | G57: =G$69*F57/F$62+F57 -> 2327.6968 | H57: =H$69*G57/G$62+G57 -> 3914.0226 | I57: =I$69*H57/H$62+H57 -> 4880.448 | J57: =J$69*I57/I$62+I57 -> 5959 | K57: =K$69*J57/J$62+J57 -> 6638.9683 | ... Q57: =Q$69*P57/P$62+P57 -> 10857.869
A58: JBD_WT | B58: JBD_JBD_EL | C58: 30 | D58: =D$69*C58/C$62+C58 -> 40.954751 | E58: =E$69*D58/D$62+D58 -> 53.728507 | F58: =F$69*E58/E$62+E58 -> 81.217195 | G58: =G$69*F58/F$62+F58 -> 118.35747 | H58: =H$69*G58/G$62+G58 -> 199.0181 | I58: =I$69*H58/H$62+H58 -> 248.15837 | J58: =J$69*I58/I$62+I58 -> 303 | K58: =K$69*J58/J$62+J58 -> 337.57466 | ... Q58: =Q$69*P58/P$62+P58 -> 552.09502
A59: JJD_WT | B59: JJD_JJD_EL | C59: 340 | D59: =D$69*C59/C$62+C59 -> 464.15385 | E59: =E$69*D59/D$62+D59 -> 608.92308 | F59: =F$69*E59/E$62+E59 -> 920.46154 | G59: =G$69*F59/F$62+F59 -> 1341.3846 | H59: =H$69*G59/G$62+G59 -> 2255.5385 | I59: =I$69*H59/H$62+H59 -> 2812.4615 | J59: =J$69*I59/I$62+I59 -> 3434 | K59: =K$69*J59/J$62+J59 -> 3825.8462 | ... Q59: =Q$69*P59/P$62+P59 -> 6257.0769
A60: JND_WT | B60: JND_JND_EL | C60: 480 | D60: =D$69*C60/C$62+C60 -> 655.27602 | E60: =E$69*D60/D$62+D60 -> 859.65611 | F60: =F$69*E60/E$62+E60 -> 1299.4751 | G60: =G$69*F60/F$62+F60 -> 1893.7195 | H60: =H$69*G60/G$62+G60 -> 3184.2896 | I60: =I$69*H60/H$62+H60 -> 3970.5339 | J60: =J$69*I60/I$62+I60 -> 4848 | K60: =K$69*J60/J$62+J60 -> 5401.1946 | ... Q60: =Q$69*P60/P$62+P60 -> 8833.5204
C61: =SUM(C34:C50) -> 30800 | D61: =SUM(D34:D50) -> 36816 | E61: =SUM(E34:E50) -> 41434 | F61: =SUM(F34:F50) -> 46268 | G61: =SUM(G34:G50) -> 51191 | H61: =SUM(H34:H50) -> 56171 | I61: =SUM(I34:I50) -> 63116 | J61: =SUM(J34:J50) -> 66704 | ... S61: =SUM(S34:S50) -> 0
C62: =SUM(C51:C60) -> 2210 | D62: =SUM(D51:D60) -> 3017 | E62: =SUM(E51:E60) -> 3958 | F62: =SUM(F51:F60) -> 5983 | G62: =SUM(G51:G60) -> 8719 | H62: =SUM(H51:H60) -> 14661 | I62: =SUM(I51:I60) -> 18281 | J62: =SUM(J51:J60) -> 22321 | ... S62: =SUM(S51:S60) -> 0
I63: =SUM(I34:I50)-I46 -> 62296.312 | J63: =SUM(J34:J50)-J46 -> 65837.714 | K63: =SUM(K34:K50)-K46 -> 69382.078 | L63: =SUM(L34:L50)-L46 -> 72935.325 | M63: =SUM(M34:M50)-M46 -> 76499.429 | N63: =SUM(N34:N50)-N46 -> 80081.299 | O63: =SUM(O34:O50)-O46 -> 82790.649 | P63: =SUM(P34:P50)-P46 -> 85515.792 | Q63: =SUM(Q34:Q50)-Q46 -> 88252.779
B65: PV | C65: =28150+4369 -> 32519 | D65: =31964+4852 -> 36816 | E65: =36090+5344 -> 41434 | F65: =40417+5851 -> 46268 | G65: =44822+6369 -> 51191 | H65: =49272+6899 -> 56171 | I65: =55675+7441 -> 63116 | J65: =58711+7993 -> 66704 | K65: =61739+8556 -> 70295 | L65: =64763+9132 -> 73895 | M65: =67784+9722 -> 77506 | N65: =70811+10324 -> 81135 | O65: =72941+10939 -> 83880 | P65: =75072+11569 -> 86641 | Q65: =77203+12211 -> 89414
B66: 추가용량 | C66: =C65-C61 -> 1719 | D66: =D65-C61 -> 6016 | E66: =E65-D65 -> 4618 | F66: =F65-E65 -> 4834 | G66: =G65-F65 -> 4923 | H66: =H65-G65 -> 4980 | I66: =I65-H65 -> 6945 | J66: =J65-I65 -> 3588 | K66: =K65-J65 -> 3591 | L66: =L65-K65 -> 3600 | ... Q66: =Q65-P65 -> 2773
B68: WT | C68: =C62 -> 2210 | D68: 3017 | E68: 3958 | F68: 5983 | G68: 8719 | H68: 14661 | I68: 18281 | J68: 22321 | K68: 24868 | L68: 27419 | M68: 29973 | N68: 32972 | O68: 35532 | P68: 38101 | Q68: 40671
B69: 추가용량 | D69: =D68-C68 -> 807 | E69: =E68-D68 -> 941 | F69: =F68-E68 -> 2025 | G69: =G68-F68 -> 2736 | H69: =H68-G68 -> 5942 | I69: =I68-H68 -> 3620 | J69: =J68-I68 -> 4040 | K69: =K68-J68 -> 2547 | ... Q69: =Q68-P68 -> 2570

Sheet 시나리오_에너지수요
A1: 이름 | B1: 버스 | C1: 2024 | D1: 2025 | E1: 2026 | F1: 2027 | G1: 2028 | H1: 2029 | I1: 2030 | J1: 2031 | K1: 2032 | L1: 2033 | M1: 2034 | N1: 2035 | O1: 2036 | P1: 2037 | Q1: 2038 | R1: 2039 | S1: 2040
A2: BSN_Demand_EL | B2: BSN_BSN_EL | C2: 4623.2877 | D2: =C2*D$54/C$54 -> 4681.9163 | E2: =D2*E$54/D$54 -> 4732.1694 | F2: =E2*F$54/E$54 -> 4799.1736 | G2: =F2*G$54/F$54 -> 4841.0512 | H2: =G2*H$54/G$54 -> 4874.5533 | I2: =H2*I$54/H$54 -> 4941.5575 | J2: =I2*J$54/I$54 -> 4991.8106 | K2: =J2*K$54/J$54 -> 5058.8148 | ... Q2: =P2*Q$54/P$54 -> 5226.3252
A3: CBD_Demand_EL | B3: CBD_CBD_EL | C3: 2589.0411 | D3: =C3*D$54/C$54 -> 2621.8731 | E3: =D3*E$54/D$54 -> 2650.0149 | F3: =E3*F$54/E$54 -> 2687.5372 | G3: =F3*G$54/F$54 -> 2710.9887 | H3: =G3*H$54/G$54 -> 2729.7499 | I3: =H3*I$54/H$54 -> 2767.2722 | J3: =I3*J$54/I$54 -> 2795.4139 | K3: =J3*K$54/J$54 -> 2832.9363 | ... Q3: =P3*Q$54/P$54 -> 2926.7421
A4: CND_Demand_EL | B4: CND_CND_EL | C4: 3698.6301 | D4: =C4*D$54/C$54 -> 3745.5331 | E4: =D4*E$54/D$54 -> 3785.7356 | F4: =E4*F$54/E$54 -> 3839.3389 | G4: =F4*G$54/F$54 -> 3872.841 | H4: =G4*H$54/G$54 -> 3899.6426 | I4: =H4*I$54/H$54 -> 3953.246 | J4: =I4*J$54/I$54 -> 3993.4485 | K4: =J4*K$54/J$54 -> 4047.0518 | ... Q4: =P4*Q$54/P$54 -> 4181.0602
A5: DGU_Demand_EL | B5: DGU_DGU_EL | C5: 3821.9178 | D5: =C5*D$54/C$54 -> 3870.3842 | E5: =D5*E$54/D$54 -> 3911.9267 | F5: =E5*F$54/E$54 -> 3967.3169 | G5: =F5*G$54/F$54 -> 4001.9357 | H5: =G5*H$54/G$54 -> 4029.6307 | I5: =H5*I$54/H$54 -> 4085.0208 | J5: =I5*J$54/I$54 -> 4126.5634 | K5: =J5*K$54/J$54 -> 4181.9535 | ... Q5: =P5*Q$54/P$54 -> 4320.4288
A6: DJN_Demand_EL | B6: DJN_DJN_EL | C6: 2219.1781 | D6: =C6*D$54/C$54 -> 2247.3198 | E6: =D6*E$54/D$54 -> 2271.4413 | F6: =E6*F$54/E$54 -> 2303.6033 | G6: =F6*G$54/F$54 -> 2323.7046 | H6: =G6*H$54/G$54 -> 2339.7856 | I6: =H6*I$54/H$54 -> 2371.9476 | J6: =I6*J$54/I$54 -> 2396.0691 | K6: =J6*K$54/J$54 -> 2428.2311 | ... Q6: =P6*Q$54/P$54 -> 2508.6361
A7: GBD_Demand_EL | B7: GBD_GBD_EL | C7: 3575.3425 | D7: =C7*D$54/C$54 -> 3620.682 | E7: =D7*E$54/D$54 -> 3659.5444 | F7: =E7*F$54/E$54 -> 3711.3609 | G7: =F7*G$54/F$54 -> 3743.7463 | H7: =G7*H$54/G$54 -> 3769.6546 | I7: =H7*I$54/H$54 -> 3821.4711 | J7: =I7*J$54/I$54 -> 3860.3335 | K7: =J7*K$54/J$54 -> 3912.1501 | ... Q7: =P7*Q$54/P$54 -> 4041.6915
A8: GGD_Demand_EL | B8: GGD_GGD_EL | C8: 11712.329 | D8: =C8*D$54/C$54 -> 11860.855 | E8: =D8*E$54/D$54 -> 11988.163 | F8: =E8*F$54/E$54 -> 12157.906 | G8: =F8*G$54/F$54 -> 12263.996 | H8: =G8*H$54/G$54 -> 12348.868 | I8: =H8*I$54/H$54 -> 12518.612 | J8: =I8*J$54/I$54 -> 12645.92 | K8: =J8*K$54/J$54 -> 12815.664 | ... Q8: =P8*Q$54/P$54 -> 13240.024
A9: GND_Demand_EL | B9: GND_GND_EL | C9: 4438.3562 | D9: =C9*D$54/C$54 -> 4494.6397 | E9: =D9*E$54/D$54 -> 4542.8827 | F9: =E9*F$54/E$54 -> 4607.2067 | G9: =F9*G$54/F$54 -> 4647.4092 | H9: =G9*H$54/G$54 -> 4679.5712 | I9: =H9*I$54/H$54 -> 4743.8952 | J9: =I9*J$54/I$54 -> 4792.1382 | K9: =J9*K$54/J$54 -> 4856.4622 | ... Q9: =P9*Q$54/P$54 -> 5017.2722
A10: GWD_Demand_EL | B10: GWD_GWD_EL | C10: 2342.4658 | D10: =C10*D$54/C$54 -> 2372.1709 | E10: =D10*E$54/D$54 -> 2397.6325 | F10: =E10*F$54/E$54 -> 2431.5813 | G10: =F10*G$54/F$54 -> 2452.7993 | H10: =G10*H$54/G$54 -> 2469.7737 | I10: =H10*I$54/H$54 -> 2503.7225 | J10: =I10*J$54/I$54 -> 2529.184 | K10: =J10*K$54/J$54 -> 2563.1328 | ... Q10: =P10*Q$54/P$54 -> 2648.0048
A11: GWJ_Demand_EL | B11: GWJ_GWJ_EL | C11: 2527.3973 | D11: =C11*D$54/C$54 -> 2559.4476 | E11: =D11*E$54/D$54 -> 2586.9193 | F11: =E11*F$54/E$54 -> 2623.5482 | G11: =F11*G$54/F$54 -> 2646.4413 | H11: =G11*H$54/G$54 -> 2664.7558 | I11: =H11*I$54/H$54 -> 2701.3848 | J11: =I11*J$54/I$54 -> 2728.8565 | K11: =J11*K$54/J$54 -> 2765.4854 | ... Q11: =P11*Q$54/P$54 -> 2857.0578
A12: ICN_Demand_EL | B12: ICN_ICN_EL | C12: 4869.863 | D12: =C12*D$54/C$54 -> 4931.6185 | E12: =D12*E$54/D$54 -> 4984.5518 | F12: =E12*F$54/E$54 -> 5055.1295 | G12: =F12*G$54/F$54 -> 5099.2406 | H12: =G12*H$54/G$54 -> 5134.5295 | I12: =H12*I$54/H$54 -> 5205.1072 | J12: =I12*J$54/I$54 -> 5258.0405 | K12: =J12*K$54/J$54 -> 5328.6182 | ... Q12: =P12*Q$54/P$54 -> 5505.0625
A13: JBD_Demand_EL | B13: JBD_JBD_EL | C13: 2897.2603 | D13: =C13*D$54/C$54 -> 2934.0009 | E13: =D13*E$54/D$54 -> 2965.4929 | F13: =E13*F$54/E$54 -> 3007.4821 | G13: =F13*G$54/F$54 -> 3033.7254 | H13: =G13*H$54/G$54 -> 3054.7201 | I13: =H13*I$54/H$54 -> 3096.7094 | J13: =I13*J$54/I$54 -> 3128.2013 | K13: =J13*K$54/J$54 -> 3170.1906 | ... Q13: =P13*Q$54/P$54 -> 3275.1638
... A16: SEL_Demand_EL | B16: SEL_SEL_EL | C16: 6780.8219 | D16: =C16*D$54/C$54 -> 6866.8106 | E16: =D16*E$54/D$54 -> 6940.5152 | F16: =E16*F$54/E$54 -> 7038.788 | G16: =F16*G$54/F$54 -> 7100.2085 | H16: =G16*H$54/G$54 -> 7149.3448 | I16: =H16*I$54/H$54 -> 7247.6176 | J16: =I16*J$54/I$54 -> 7321.3222 | K16: =J16*K$54/J$54 -> 7419.595 | ... Q16: =P16*Q$54/P$54 -> 7665.277
A17: SJN_Demand_EL | B17: SJN_SJN_EL | C17: 678.08219 | D17: =C17*D$54/C$54 -> 686.68106 | E17: =D17*E$54/D$54 -> 694.05152 | F17: =E17*F$54/E$54 -> 703.8788 | G17: =F17*G$54/F$54 -> 710.02085 | H17: =G17*H$54/G$54 -> 714.93448 | I17: =H17*I$54/H$54 -> 724.76176 | J17: =I17*J$54/I$54 -> 732.13222 | K17: =J17*K$54/J$54 -> 741.9595 | ... Q17: =P17*Q$54/P$54 -> 766.5277 | T17: =SUM(Q2:Q18) -> 72471.709 | U17: =T17*8760/1000000 -> 634.85217 | V17: =U17*0.5 -> 317.42609
A18: USN_Demand_EL | B18: USN_USN_EL | C18: 3575.3425 | D18: =C18*D$54/C$54 -> 3620.682 | E18: =D18*E$54/D$54 -> 3659.5444 | F18: =E18*F$54/E$54 -> 3711.3609 | G18: =F18*G$54/F$54 -> 3743.7463 | H18: =G18*H$54/G$54 -> 3769.6546 | I18: =H18*I$54/H$54 -> 3821.4711 | J18: =I18*J$54/I$54 -> 3860.3335 | K18: =J18*K$54/J$54 -> 3912.1501 | ... Q18: =P18*Q$54/P$54 -> 4041.6915
A19: BSN_Demand_H | B19: BSN_BSN_H | C19: 368.49505 | D19: =C19*D$54/C$54 -> 373.168 | E19: =D19*E$54/D$54 -> 377.17338 | F19: =E19*F$54/E$54 -> 382.51389 | G19: =F19*G$54/F$54 -> 385.8517 | H19: =G19*H$54/G$54 -> 388.52196 | I19: =H19*I$54/H$54 -> 393.86246 | J19: =I19*J$54/I$54 -> 397.86785 | K19: =J19*K$54/J$54 -> 403.20835 | ... Q19: =P19*Q$54/P$54 -> 416.55962
A20: CBD_Demand_H | B20: CBD_CBD_H | C20: 203.29314 | D20: =C20*D$54/C$54 -> 205.87113 | E20: =D20*E$54/D$54 -> 208.08084 | F20: =E20*F$54/E$54 -> 211.02711 | G20: =F20*G$54/F$54 -> 212.86854 | H20: =G20*H$54/G$54 -> 214.34168 | I20: =H20*I$54/H$54 -> 217.28795 | J20: =I20*J$54/I$54 -> 219.49766 | K20: =J20*K$54/J$54 -> 222.44394 | ... Q20: =P20*Q$54/P$54 -> 229.80963
A21: CND_Demand_H | B21: CND_CND_H | C21: 321.35163 | D21: =C21*D$54/C$54 -> 325.42674 | E21: =D21*E$54/D$54 -> 328.9197 | F21: =E21*F$54/E$54 -> 333.57697 | G21: =F21*G$54/F$54 -> 336.48776 | H21: =G21*H$54/G$54 -> 338.81639 | I21: =H21*I$54/H$54 -> 343.47366 | J21: =I21*J$54/I$54 -> 346.96662 | K21: =J21*K$54/J$54 -> 351.62389 | ... Q21: =P21*Q$54/P$54 -> 363.26706
A22: DGU_Demand_H | B22: DGU_DGU_H | C22: 209.9484 | D22: =C22*D$54/C$54 -> 212.61079 | E22: =D22*E$54/D$54 -> 214.89284 | F22: =E22*F$54/E$54 -> 217.93557 | G22: =F22*G$54/F$54 -> 219.83728 | H22: =G22*H$54/G$54 -> 221.35864 | I22: =H22*I$54/H$54 -> 224.40137 | J22: =I22*J$54/I$54 -> 226.68342 | K22: =J22*K$54/J$54 -> 229.72615 | ... Q22: =P22*Q$54/P$54 -> 237.33298
A23: DJN_Demand_H | B23: DJN_DJN_H | C23: 170.53173 | D23: =C23*D$54/C$54 -> 172.69427 | E23: =D23*E$54/D$54 -> 174.54787 | F23: =E23*F$54/E$54 -> 177.01935 | G23: =F23*G$54/F$54 -> 178.56402 | H23: =G23*H$54/G$54 -> 179.79975 | I23: =H23*I$54/H$54 -> 182.27123 | J23: =I23*J$54/I$54 -> 184.12483 | K23: =J23*K$54/J$54 -> 186.59631 | ... Q23: =P23*Q$54/P$54 -> 192.77499
A24: GBD_Demand_H | B24: GBD_GBD_H | C24: 413.21906 | D24: =C24*D$54/C$54 -> 418.45915 | E24: =D24*E$54/D$54 -> 422.95066 | F24: =E24*F$54/E$54 -> 428.93935 | G24: =F24*G$54/F$54 -> 432.68227 | H24: =G24*H$54/G$54 -> 435.67661 | I24: =H24*I$54/H$54 -> 441.6653 | J24: =I24*J$54/I$54 -> 446.15681 | K24: =J24*K$54/J$54 -> 452.14549 | ... Q24: =P24*Q$54/P$54 -> 467.11719
A25: GGD_Demand_H | B25: GGD_GGD_H | C25: 1092.2836 | D25: =C25*D$54/C$54 -> 1106.135 | E25: =D25*E$54/D$54 -> 1118.0076 | F25: =E25*F$54/E$54 -> 1133.8378 | G25: =F25*G$54/F$54 -> 1143.7317 | H25: =G25*H$54/G$54 -> 1151.6468 | I25: =H25*I$54/H$54 -> 1167.477 | J25: =I25*J$54/I$54 -> 1179.3496 | K25: =J25*K$54/J$54 -> 1195.1798 | ... Q25: =P25*Q$54/P$54 -> 1234.7553
A26: GND_Demand_H | B26: GND_GND_H | C26: 340.50356 | D26: =C26*D$54/C$54 -> 344.82153 | E26: =D26*E$54/D$54 -> 348.52266 | F26: =E26*F$54/E$54 -> 353.45749 | G26: =F26*G$54/F$54 -> 356.54177 | H26: =G26*H$54/G$54 -> 359.00918 | I26: =H26*I$54/H$54 -> 363.94402 | J26: =I26*J$54/I$54 -> 367.64514 | K26: =J26*K$54/J$54 -> 372.57998 | ... Q26: =P26*Q$54/P$54 -> 384.91706
A27: GWD_Demand_H | B27: GWD_GWD_H | C27: 336.59464 | D27: =C27*D$54/C$54 -> 340.86305 | E27: =D27*E$54/D$54 -> 344.52169 | F27: =E27*F$54/E$54 -> 349.39987 | G27: =F27*G$54/F$54 -> 352.44873 | H27: =G27*H$54/G$54 -> 354.88783 | I27: =H27*I$54/H$54 -> 359.76601 | J27: =I27*J$54/I$54 -> 363.42465 | K27: =J27*K$54/J$54 -> 368.30283 | ... Q27: =P27*Q$54/P$54 -> 380.49829
A28: GWJ_Demand_H | B28: GWJ_GWJ_H | C28: 154.6909 | D28: =C28*D$54/C$54 -> 156.65256 | E28: =D28*E$54/D$54 -> 158.33398 | F28: =E28*F$54/E$54 -> 160.57588 | G28: =F28*G$54/F$54 -> 161.97707 | H28: =G28*H$54/G$54 -> 163.09802 | I28: =H28*I$54/H$54 -> 165.33991 | J28: =I28*J$54/I$54 -> 167.02134 | K28: =J28*K$54/J$54 -> 169.26323 | ... Q28: =P28*Q$54/P$54 -> 174.86797
A29: ICN_Demand_H | B29: ICN_ICN_H | C29: 261.34275 | D29: =C29*D$54/C$54 -> 264.65688 | E29: =D29*E$54/D$54 -> 267.49756 | F29: =E29*F$54/E$54 -> 271.28514 | G29: =F29*G$54/F$54 -> 273.65237 | H29: =G29*H$54/G$54 -> 275.54616 | I29: =H29*I$54/H$54 -> 279.33374 | J29: =I29*J$54/I$54 -> 282.17442 | K29: =J29*K$54/J$54 -> 285.96199 | ... Q29: =P29*Q$54/P$54 -> 295.43093
... A52: USN_Demand_H2 | B52: USN_USN_H2 | C52: 33.105023 | D52: =C52*D$54/C$54 -> 33.524833 | E52: =D52*E$54/D$54 -> 33.88467 | F52: =E52*F$54/E$54 -> 34.364453 | G52: =F52*G$54/F$54 -> 34.664317 | H52: =G52*H$54/G$54 -> 34.904209 | I52: =H52*I$54/H$54 -> 35.383992 | J52: =I52*J$54/I$54 -> 35.743829 | K52: =J52*K$54/J$54 -> 36.223612 | ... Q52: =P52*Q$54/P$54 -> 37.423069
B54: 11차 목표수요 | C54: 552 | D54: 559 | E54: 565 | F54: 573 | G54: 578 | H54: 582 | I54: 590 | J54: 596 | K54: 604 | L54: 607 | M54: 610 | N54: 619 | O54: 619 | P54: 621 | Q54: 624
C56: 64110 | D56: =C56*8760 -> 561603600 | F56: 목표수요를 기준으로 전망값 반영-수요관리 등으로 인한 수요차감을 반영하고 있어 추가로 반영할 필요가 없음
C57: 19803 | D57: =C57*8760 -> 173474280 | F57: 목표수요 = 기준수요(모형수요+추가수요:데이터센터,전기화,첨단산업 수요)-수요관리(효율향상,부하기기,DR시장,V2G)
C58: 594 | D58: =C58*8760 -> 5203440

Sheet 지역 선택
A1: 분석할 지역 선택
A3: 아래 목록에서 분석할 지역을 선택하세요. '선택' 열에 'O'를 입력하면 해당 지역이 분석에 포함됩니다.
A4: 각 지역 코드를 클릭하면 해당 지역 입력 시트로 이동합니다.
A5: 코드 | B5: 지역명 | C5: 영문명 | D5: 선택 | E5: 인구(명) | F5: 면적(km²)
A6: BSN | B6: 부산광역시 | C6: Busan | D6: O | E6: 3385601 | F6: 770.04
A7: CBD | B7: 충청북도 | C7: Chungbuk | D7: O | E7: 1600957 | F7: 7407.3
A8: CND | B8: 충청남도 | C8: Chungnam | D8: O | E8: 2118670 | F8: 8245.41
A9: DGU | B9: 대구광역시 | C9: Daegu | D9: O | E9: 2418346 | F9: 883.56
A10: DJN | B10: 대전광역시 | C10: Daejeon | D10: O | E10: 1463882 | F10: 539.84
A11: GBD | B11: 경상북도 | C11: Gyeongbuk | D11: O | E11: 2641823 | F11: 19030.8
A12: GGD | B12: 경기도 | C12: Gyeonggi | D12: O | E12: 13530519 | F12: 10191.79
A13: GND | B13: 경상남도 | C13: Gyeongnam | D13: O | E13: 3340216 | F13: 10540.29
A14: GWD | B14: 강원도 | C14: Gangwon | D14: O | E14: 1538492 | F14: 16826.37
A15: GWJ | B15: 광주광역시 | C15: Gwangju | D15: O | E15: 1441611 | F15: 501.24
A16: ICN | B16: 인천광역시 | C16: Incheon | D16: O | E16: 2947217 | F16: 1063.27
A17: JBD | B17: 전라북도 | C17: Jeonbuk | D17: O | E17: 1792712 | F17: 8069.07
... A22: USN | B22: 울산광역시 | C22: Ulsan | D22: O | E22: 1136017 | F22: 1062.04

Sheet 시간 설정
A1: 시간 설정
A3: 시간 설정을 통해 분석 기간과 시간 간격을 정의합니다.
A5: 시작 시간 | B5: 종료 시간 | C5: 시간 간격
A6: 45292 | B6: 50770 | C6: 1h

Sheet constraints
A1: 에너지시스템 제약사항 설정
A3: 에너지시스템 모델링에 적용할 제약사항을 정의합니다.
A4: 예: 특정 지역의 재생에너지 비율, CO2 배출 제한, 특정 발전원의 최소/최대 용량 등
A6: 이름 | B6: 유형 | C6: 대상 속성 | D6: 조건 | E6: 상수값 | F6: 적용 지역 | G6: 설명
A7: CO2_limit | B7: primary_energy | C7: co2_emissions | D7: less_equal | E7: 218400000 | F7: ALL | G7: CO2 배출량 제한
A8: RPS_BSN | B8: RPS | C8: renewable_share | D8: >= | E8: 0 | F8: BSN | G8: 재생에너지 의무비중
A9: RPS_CBD | B9: RPS | C9: renewable_share | D9: >= | E9: 0 | F9: CBD | G9: 재생에너지 의무비중
A10: RPS_CND | B10: RPS | C10: renewable_share | D10: >= | E10: 0 | F10: CND | G10: 재생에너지 의무비중
A11: RPS_DGU | B11: RPS | C11: renewable_share | D11: >= | E11: 0 | F11: DGU | G11: 재생에너지 의무비중
A12: RPS_DJN | B12: RPS | C12: renewable_share | D12: >= | E12: 0 | F12: DJN | G12: 재생에너지 의무비중
A13: RPS_GBD | B13: RPS | C13: renewable_share | D13: >= | E13: 0 | F13: GBD | G13: 재생에너지 의무비중
A14: RPS_GGD | B14: RPS | C14: renewable_share | D14: >= | E14: 0 | F14: GGD | G14: 재생에너지 의무비중
A15: RPS_GND | B15: RPS | C15: renewable_share | D15: >= | E15: 0 | F15: GND | G15: 재생에너지 의무비중
A16: RPS_GWD | B16: RPS | C16: renewable_share | D16: >= | E16: 0 | F16: GWD | G16: 재생에너지 의무비중
A17: RPS_GWJ | B17: RPS | C17: renewable_share | D17: >= | E17: 0 | F17: GWJ | G17: 재생에너지 의무비중
A18: RPS_ICN | B18: RPS | C18: renewable_share | D18: >= | E18: 0 | F18: ICN | G18: 재생에너지 의무비중
... A24: RPS_USN | B24: RPS | C24: renewable_share | D24: >= | E24: 0 | F24: USN | G24: 재생에너지 의무비중
D27: 2024 | E27: 2030 | F27: 2038
D28: 218400000 | E28: 145900000 | F28: 83100000
D30: NDC
D31: 2030 | E31: 2035 | F31: 2035 | G31: 2038 | H31: 2050
E32: 50%,53% | F32: 0.6 | G32: =F32*(1-3/15) -> 0.48
D33: 145900000 | E33: 88300000 | F33: 70000000 | G33: =F33*(1-3/15) -> 56000000

Sheet renewable_patterns
A1: 재생에너지 발전 패턴 설정
A3: 재생에너지 발전 패턴을 정의합니다. 시간별 정규화된 값(0~1)을 입력하세요.
A5: 시간 | B5: BSN_PV_Patterns | C5: CBD_PV_Patterns | D5: CND_PV_Patterns | E5: DGU_PV_Patterns | F5: DJN_PV_Patterns | G5: GBD_PV_Patterns | H5: GGD_PV_Patterns | I5: GND_PV_Patterns | J5: GWD_PV_Patterns | K5: GWJ_PV_Patterns | L5: ICN_PV_Patterns | M5: JBD_PV_Patterns | N5: JJD_PV_Patterns | O5: JND_PV_Patterns | P5: SEL_PV_Patterns | Q5: SJN_PV_Patterns | R5: USN_PV_Patterns | S5: National_WT_Patterns | T5: JJD_WT_Patterns
A6: 0 | B6: 0 | C6: 0 | D6: 3.5992972e-10 | E6: 0 | F6: 0 | G6: 0 | H6: 4.3756098e-09 | I6: 1.7334224e-09 | J6: 0 | K6: 0 | L6: 0 | M6: 0 | N6: 5.7263596e-10 | O6: 0 | P6: 0 | Q6: 0 | R6: 0 | S6: 4.9594134e-05 | T6: 0.00027878712
A7: 1 | B7: 0 | C7: 0 | D7: 9.5981259e-11 | E7: 0 | F7: 0 | G7: 0 | H7: 0 | I7: 1.0088519e-08 | J7: 0 | K7: 1.4256229e-08 | L7: 0 | M7: 0 | N7: 5.9053084e-10 | O7: 0 | P7: 0 | Q7: 0 | R7: 0 | S7: 3.4963838e-05 | T7: 0.00016021438
A8: 2 | B8: 0 | C8: 0 | D8: 9.5981259e-11 | E8: 0 | F8: 0 | G8: 0 | H8: 0 | I8: 0 | J8: 0 | K8: 0 | L8: 0 | M8: 0 | N8: 5.9053084e-10 | O8: 0 | P8: 0 | Q8: 0 | R8: 0 | S8: 2.9076192e-05 | T8: 0.00012751209
A9: 3 | B9: 0 | C9: 3.8103793e-08 | D9: 9.5981259e-11 | E9: 0 | F9: 0 | G9: 0 | H9: 0 | I9: 0 | J9: 0 | K9: 0 | L9: 0 | M9: 0 | N9: 7.8737445e-10 | O9: 0 | P9: 0 | Q9: 0 | R9: 0 | S9: 2.7986195e-05 | T9: 8.0001072e-05
A10: 4 | B10: 0 | C10: 0 | D10: 1.1997657e-10 | E10: 0 | F10: 0 | G10: 0 | H10: 0 | I10: 0 | J10: 0 | K10: 0 | L10: 0 | M10: 0 | N10: 8.5895394e-10 | O10: 0 | P10: 0 | Q10: 0 | R10: 0 | S10: 2.3407336e-05 | T10: 5.90677e-05
A11: 5 | B11: 0 | C11: 0 | D11: 9.5981259e-11 | E11: 0 | F11: 0 | G11: 0 | H11: 0 | I11: 0 | J11: 0 | K11: 0 | L11: 1.1548167e-09 | M11: 0 | N11: 8.0526932e-10 | O11: 0 | P11: 0 | Q11: 0 | R11: 0 | S11: 2.0776645e-05 | T11: 0.00010611764
A12: 6 | B12: 0 | C12: 0 | D12: 4.7990629e-11 | E12: 0 | F12: 0 | G12: 0 | H12: 0 | I12: 0 | J12: 0 | K12: 0 | L12: 0 | M12: 0 | N12: 7.6947957e-10 | O12: 0 | P12: 0 | Q12: 0 | R12: 0 | S12: 1.774671e-05 | T12: 6.5973329e-05
A13: 7 | B13: 1.4466852e-06 | C13: 9.4694496e-08 | D13: 2.2916245e-07 | E13: 6.5751655e-07 | F13: 1.2535455e-08 | G13: 3.2175413e-07 | H13: 6.5665401e-08 | I13: 1.1461794e-06 | J13: 3.6348916e-09 | K13: 4.1096039e-07 | L13: 1.4295187e-07 | M13: 5.2853544e-07 | N13: 1.5519531e-06 | O13: 5.5758248e-07 | P13: 3.2348746e-08 | Q13: 7.7814956e-09 | R13: 4.3075322e-08 | S13: 1.6801113e-05 | T13: 4.8640834e-05
A14: 8 | B14: 4.7927047e-05 | C14: 1.5737723e-05 | D14: 3.0396532e-05 | E14: 3.7987076e-05 | F14: 1.2460577e-05 | G14: 2.3946782e-05 | H14: 1.5298272e-05 | I14: 4.626299e-05 | J14: 4.5883325e-06 | K14: 4.4015015e-05 | L14: 2.6776994e-05 | M14: 4.262296e-05 | N14: 5.8081627e-05 | O14: 3.6415561e-05 | P14: 2.7930514e-05 | Q14: 9.4396285e-06 | R14: 6.8545137e-06 | S14: 1.5222341e-05 | T14: 2.578689e-05
A15: 9 | B15: 0.00018359089 | C15: 5.8323814e-05 | D15: 9.3689403e-05 | E15: 0.00014283765 | F15: 5.7108303e-05 | G15: 0.00010641173 | H15: 6.5705452e-05 | I15: 0.00016943744 | J15: 1.686366e-05 | K15: 0.00017064897 | L15: 0.00013956 | M15: 0.00016323286 | N15: 0.00017215046 | O15: 0.00012134098 | P15: 0.00014750226 | Q15: 4.0615179e-05 | R15: 6.0587918e-05 | S15: 3.3465618e-05 | T15: 5.7264335e-06
A16: 10 | B16: 0.00030634578 | C16: 0.00011337519 | D16: 0.00016668756 | E16: 0.0002515885 | F16: 0.00016141778 | G16: 0.00020031138 | H16: 0.0001249239 | I16: 0.00028367317 | J16: 3.3839492e-05 | K16: 0.0003093818 | L16: 0.00024470531 | M16: 0.00029278666 | N16: 0.00030542542 | O16: 0.00015628955 | P16: 0.00026451765 | Q16: 7.9281197e-05 | R16: 0.00020156703 | S16: 2.826382e-05 | T16: 3.6561797e-06
A17: 11 | B17: 0.00037336504 | C17: 0.00019756193 | D17: 0.00023162861 | E17: 0.00032228398 | F17: 0.000357013 | G17: 0.00026709556 | H17: 0.00015377901 | I17: 0.00033956641 | J17: 6.4412915e-05 | K17: 0.00031202067 | L17: 0.00026991035 | M17: 0.00035461602 | N17: 0.00040198037 | O17: 0.00016804473 | P17: 0.00039799283 | Q17: 0.00014734117 | R17: 0.0003508473 | S17: 1.3346037e-05 | T17: 8.1381042e-06
... A8765: 8759 | B8765: 0 | C8765: 3.5037971e-10 | D8765: 1.6276022e-07 | E8765: 0 | F8765: 0 | G8765: 2.8059645e-07 | H8765: 1.3501882e-08 | I8765: 7.5068747e-08 | J8765: 8.0120787e-10 | K8765: 1.67142e-08 | L8765: 0 | M8765: 2.3580351e-08 | N8765: 1.064745e-09 | O8765: 1.1813144e-08 | P8765: 0 | Q8765: 0 | R8765: 0 | S8765: 0.00029643802 | T8765: 0.00013410669

Sheet load_patterns
A1: 부하 패턴 설정 (국가 기본값)
A3: 전력, 열, 수소 부하의 시간별 패턴을 정의합니다. 지역별 패턴이 없는 경우 이 기본값이 사용됩니다.
A5: 시간 | B5: 전력(electricity) | C5: 열(heat) | D5: 수소(hydrogen) | E5: EV_DRIVING | F5: EV_CHARGING
A6: 0 | B6: 0.00010868577 | C6: 0.00021362036 | D6: =1/8760 -> 0.00011415525 | E6: 5.8113396e-05 | F6: 0.076923077
A7: 1 | B7: 0.00010408148 | C7: 0.00025036839 | D7: =1/8760 -> 0.00011415525 | E7: 3.7711885e-05 | F7: 0.076923077
A8: 2 | B8: 0.0001012297 | C8: 0.00028528132 | D8: =1/8760 -> 0.00011415525 | E8: 3.2766064e-05 | F8: 0.057692308
A9: 3 | B9: 9.9798878e-05 | C9: 0.00031098761 | D9: =1/8760 -> 0.00011415525 | E9: 2.7202015e-05 | F9: 0.057692308
A10: 4 | B10: 9.8432046e-05 | C10: 0.00033396958 | D10: =1/8760 -> 0.00011415525 | E10: 3.5857202e-05 | F10: 0.076923077
A11: 5 | B11: 9.9358333e-05 | C11: 0.00035712725 | D11: =1/8760 -> 0.00011415525 | E11: 6.3059217e-05 | F11: 0.11538462
A12: 6 | B12: 0.00010073178 | C12: 0.00071490627 | D12: =1/8760 -> 0.00011415525 | E12: 0.0001050987 | F12: 0.19230769
A13: 7 | B13: 0.00010068545 | C13: 0.00072412647 | D13: =1/8760 -> 0.00011415525 | E13: 0.00014837463 | F13: 0.30769231
A14: 8 | B14: 9.7872116e-05 | C14: 0.00068994664 | D14: =1/8760 -> 0.00011415525 | E14: 0.00016444855 | F14: 0.46153846
A15: 9 | B15: 9.6829888e-05 | C15: 0.00063572802 | D15: =1/8760 -> 0.00011415525 | E15: 0.0001409559 | F15: 0.57692308
A16: 10 | B16: 9.8709542e-05 | C16: 0.0005874988 | D16: =1/8760 -> 0.00011415525 | E16: 0.00011746325 | F16: 0.69230769
A17: 11 | B17: 9.7930233e-05 | C17: 0.00054530883 | D17: =1/8760 -> 0.00011415525 | E17: 0.0001230273 | F17: 0.76923077
... A8765: 8759 | B8765: 0.00011426836 | C8765: 9.7958014e-05 | D8765: =1/8760 -> 0.00011415525 | E8765: 7.0148227e-05 | F8765: 0.15384615

Sheet regional_load_patterns
A1: 지역별 부하 패턴 설정
A3: 각 지역별 부하 패턴을 정의합니다. 입력하지 않은 지역은 기본 국가 패턴이 적용됩니다.
A4: 지역 코드와 에너지 유형을 선택한 후, 해당 지역의 패턴을 입력하세요.
A6: 지역 코드 | B6: 에너지 유형 | C6: 패턴 적용 | E6: 시간 | F6: 패턴값
A7: SEL | B7: electricity | C7: O | E7: 0
A8: JBD | B8: heat | C8: O | E8: 1
E9: 2
E10: 3
E11: 4
E12: 5
E13: 6
E14: 7
E15: 8
E16: 9
E17: 10
E18: 11
E19: 12
E20: 13
... E8766: 8759

Sheet 지역_BSN
A1: 부산광역시 에너지시스템 입력
F3: 입력 완료 후 선택: | G3: 추가 지역 입력 | H3: 저장
A7: 버스
A9: 이름 | B9: 전압(kV) | C9: 캐리어 | D9: X좌표 | E9: Y좌표
A11: BSN_H2 | B11: 1 | C11: hydrogen
A12: BSN_H | B12: 1 | C12: heat
A13: BSN_LNG | B13: 1 | C13: gas
A14: BSN_EV | B14: 1 | C14: EV
A17: 발전기
A19: 이름 | B19: 버스 | C19: 캐리어 | D19: 정격용량(MW) | E19: 용량확장가능 | F19: 최소용량(MW) | G19: 최대용량(MW) | H19: 한계비용 | I19: 설비비용 | J19: 효율 | K19: 최대출력비율 | L19: 기동정지가능 | M19: committable | N19: p_min_pu | O19: ramp_limit_up | P19: ramp_limit_down
A20: PV | B20: BSN_EL | C20: solar | D20: 837 | E20: FALSE | G20: 5000 | H20: 2 | I20: 840601 | K20: 0.6
A21: WT | B21: BSN_EL | C21: wind | D21: 30 | E21: FALSE | G21: 4000 | H21: 4 | I21: 4712626 | K21: 0.7
A22: LNG | B22: BSN_EL | C22: electricity | D22: 1845 | E22: FALSE | H22: 63.574 | I22: 2021803 | J22: 0.53 | M22: FALSE | O22: 0.25 | P22: 0.25
A23: Nuclear | B23: BSN_EL | C23: electricity | D23: 4550 | E23: FALSE | H23: 6 | I23: 7718412 | J23: 0.8 | K23: 0.85 | N23: 0.8
H24: 0 | I24: 0
A25: Coal | B25: BSN_EL | C25: electricity | D25: 0 | E25: FALSE | H25: 54.187 | I25: 2877207 | J25: 0.47 | K25: 0.85 | M25: FALSE | O25: 0.125 | P25: 0.125
A26: Hydro | B26: BSN_EL | C26: electricity | D26: 0 | E26: FALSE | H26: 2 | I26: 0 | J26: 0.9 | K26: 0.3
A30: 부하
A32: 이름 | B32: 버스 | C32: 캐리어 | D32: 부하량(MW)
A33: Demand_EL | B33: BSN_EL | C33: electricity | D33: 4623
A34: Demand_H | B34: BSN_H | C34: heat | D34: 623 | L34: 15000 | M34: km/y
A35: Demand_H2 | B35: BSN_H2 | C35: hydrogen | D35: 43 | J35: 대수 | K35: km/kWh
A36: Demand_EV | B36: BSN_EV | C36: EV | D36: 0 | J36: 10000 | K36: 5 | L36: =L34/K36 -> 3000 | M36: =J36*L36/8760 -> 3424.6575 | N36: kWh
K37: 100 | M37: =J36*K37 -> 1000000 | N37: kWh
A39: 저장장치
A41: 이름 | B41: 버스 | C41: 캐리어 | D41: 저장용량(MWh) | E41: e_nom_extendable | F41: 주기적운전 | G41: 자체손실 | H41: 충전효율 | I41: 방전효율 | J41: 초기저장량 | K41: 최대저장용량 | L41: 최소잔량 | M41: 설비비용 | N41: 한계비용
A42: ESS | B42: BSN_EL | C42: electricity | D42: 0 | E42: FALSE | F42: TRUE | G42: 0.01 | H42: 0.95 | I42: 0.95 | J42: =D42*0.5 -> 0 | K42: =D42 -> 0 | M42: 1758732
A43: H2_Storage | B43: BSN_H2 | C43: hydrogen | D43: 100 | E43: FALSE | F43: TRUE | G43: 0.01 | H43: 0.95 | I43: 0.95 | J43: =D43*0.5 -> 50 | K43: =D43 -> 100 | M43: 82939
A44: H_Storage | B44: BSN_H | C44: heat | D44: 100 | E44: FALSE | F44: TRUE | G44: 0.01 | H44: 0.95 | I44: 0.95 | J44: =D44*0.5 -> 50 | K44: =D44 -> 100 | M44: 64327
A45: EV_DSM | B45: BSN_EV | C45: EV | D45: 0 | E45: FALSE | F45: TRUE | G45: 0.01 | H45: 0.95 | I45: 0.95 | J45: =D45*0.5 -> 0 | K45: =D45 -> 0 | L45: 0.3
A50: 링크
A52: 이름 | B52: 시작버스 | C52: 종료버스 | D52: 버스2 | E52: 버스3 | F52: 효율0 | G52: 효율1 | H52: 효율2 | I52: 효율3 | J52: 정격용량(MW) | K52: 용량확장가능 | L52: 최소용량(MW) | M52: 최대용량(MW) | N52: 설비비용 | O52: 한계비용
A53: Electrolyser | B53: BSN_EL | C53: BSN_H2 | F53: 0.7 | J53: 0 | K53: FALSE | M53: 1000 | N53: 1189914 | O53: 0
A54: HP | B54: BSN_EL | C54: BSN_H | F54: 3 | J54: 0 | K54: FALSE | M54: 1000 | N54: 1311343 | O54: 10
A55: CHP | B55: BSN_LNG | C55: BSN_EL | D55: BSN_H | F55: 0.5 | H55: 0.4 | J55: 19 | K55: FALSE | N55: 1604147.1 | O55: 63.574
A56: EV_Charger | B56: BSN_EL | C56: BSN_EV | F56: 0.95 | J56: 0 | K56: FALSE | N56: 0 | O56: 20
A57: EV_V2G | B57: BSN_EV | C57: BSN_EL | F57: 0.95 | J57: 0 | K57: FALSE | N57: 0 | O57: 20

Sheet 지역_CBD
A1: 충청북도 에너지시스템 입력
F3: 입력 완료 후 선택: | G3: 추가 지역 입력 | H3: 저장
A7: 버스
A9: 이름 | B9: 전압(kV) | C9: 캐리어 | D9: X좌표 | E9: Y좌표
A11: CBD_H2 | B11: 1 | C11: hydrogen
A12: CBD_H | B12: 1 | C12: heat
A13: CBD_LNG | B13: 1 | C13: gas
A14: CBD_EV | B14: 1 | C14: EV
A17: 발전기
A19: 이름 | B19: 버스 | C19: 캐리어 | D19: 정격용량(MW) | E19: 용량확장가능 | F19: 최소용량(MW) | G19: 최대용량(MW) | H19: 한계비용 | I19: 설비비용 | J19: 효율 | K19: 최대출력비율 | L19: 기동정지가능 | M19: committable | N19: p_min_pu | O19: ramp_limit_up | P19: ramp_limit_down
A20: PV | B20: CBD_EL | C20: solar | D20: 2558 | E20: FALSE | G20: 10000 | H20: 2 | I20: 840601 | K20: 0.6
A21: WT | B21: CBD_EL | C21: wind | D21: 30 | E21: FALSE | G21: 4000 | H21: 4 | I21: 4712626 | K21: 0.7
A22: LNG | B22: CBD_EL | C22: electricity | D22: 0 | E22: FALSE | H22: 63.574 | I22: 2021803 | J22: 0.53 | M22: FALSE | O22: 0.25 | P22: 0.25
A23: Nuclear | B23: CBD_EL | C23: electricity | D23: 0 | E23: FALSE | H23: 6 | I23: 7718412 | J23: 0.8 | K23: 0.85 | N23: 0.8
H24: 0 | I24: 0
A25: Coal | B25: CBD_EL | C25: electricity | D25: 0 | E25: FALSE | H25: 54.187 | I25: 2877207 | J25: 0.47 | K25: 0.85 | M25: FALSE | O25: 0.125 | P25: 0.125
A26: Hydro | B26: CBD_EL | C26: electricity | D26: 518 | E26: FALSE | H26: 2 | I26: 0 | J26: 0.9 | K26: 0.3
A30: 부하
A32: 이름 | B32: 버스 | C32: 캐리어 | D32: 부하량(MW)
A33: Demand_EL | B33: CBD_EL | C33: electricity | D33: 2589.0411
A34: Demand_H | B34: CBD_H | C34: heat | D34: 352.61409
A35: Demand_H2 | B35: CBD_H2 | C35: hydrogen | D35: 23.972603
A36: Demand_EV | B36: CBD_EV | C36: EV | D36: 0
A39: 저장장치
A41: 이름 | B41: 버스 | C41: 캐리어 | D41: 저장용량(MWh) | E41: e_nom_extendable | F41: 주기적운전 | G41: 자체손실 | H41: 충전효율 | I41: 방전효율 | J41: 초기저장량 | K41: 최대저장용량 | L41: 최소잔량 | M41: 설비비용 | N41: 한계비용
A42: ESS | B42: CBD_EL | C42: electricity | D42: 0 | E42: FALSE | F42: TRUE | G42: 0.01 | H42: 0.95 | I42: 0.95 | J42: =D42*0.5 -> 0 | K42: =D42 -> 0 | M42: 1758732
A43: H2_Storage | B43: CBD_H2 | C43: hydrogen | D43: 100 | E43: FALSE | F43: TRUE | G43: 0.01 | H43: 0.95 | I43: 0.95 | J43: =D43*0.5 -> 50 | K43: =D43 -> 100 | M43: 82939
A44: H_Storage | B44: CBD_H | C44: heat | D44: 100 | E44: FALSE | F44: TRUE | G44: 0.01 | H44: 0.95 | I44: 0.95 | J44: =D44*0.5 -> 50 | K44: =D44 -> 100 | M44: 64327
A45: EV_DSM | B45: CBD_EV | C45: EV | D45: 0 | E45: FALSE | F45: TRUE | G45: 0.01 | H45: 0.95 | I45: 0.95 | J45: =D45*0.5 -> 0 | K45: =D45 -> 0 | L45: 0.3
A46: Pumped | B46: CBD_EL | C46: electricity | E46: FALSE | F46: TRUE | G46: 0.01 | H46: 0.95 | I46: 0.95 | J46: =D46*0.5 -> 0 | K46: =D46 -> 0 | M46: 2548456 | N46: 707
A50: 링크
A52: 이름 | B52: 시작버스 | C52: 종료버스 | D52: 버스2 | E52: 버스3 | F52: 효율0 | G52: 효율1 | H52: 효율2 | I52: 효율3 | J52: 정격용량(MW) | K52: 용량확장가능 | L52: 최소용량(MW) | M52: 최대용량(MW) | N52: 설비비용 | O52: 한계비용
A53: Electrolyser | B53: CBD_EL | C53: CBD_H2 | F53: 0.7 | J53: 0 | K53: FALSE | M53: 1000 | N53: 1189914 | O53: 0
A54: HP | B54: CBD_EL | C54: CBD_H | F54: 3 | J54: 0 | K54: FALSE | M54: 300 | N54: 1311343 | O54: 10
A55: CHP | B55: CBD_LNG | C55: CBD_EL | D55: CBD_H | F55: 0.5 | H55: 0.4 | J55: 270 | K55: FALSE | N55: 1604147.1 | O55: 63.574
A56: EV_Charger | B56: CBD_EL | C56: CBD_EV | F56: 0.95 | J56: 0 | K56: FALSE | N56: 0 | O56: 20
A57: EV_V2G | B57: CBD_EV | C57: CBD_EL | F57: 0.95 | J57: 0 | K57: FALSE | N57: 0 | O57: 20

Sheet 지역_CND
A1: 충청남도 에너지시스템 입력
F3: 입력 완료 후 선택: | G3: 추가 지역 입력 | H3: 저장
A7: 버스
A9: 이름 | B9: 전압(kV) | C9: 캐리어 | D9: X좌표 | E9: Y좌표
A11: CND_H2 | B11: 1 | C11: hydrogen
A12: CND_H | B12: 1 | C12: heat
A13: CND_LNG | B13: 1 | C13: gas
A14: CND_EV | B14: 1 | C14: EV
A17: 발전기
A19: 이름 | B19: 버스 | C19: 캐리어 | D19: 정격용량(MW) | E19: 용량확장가능 | F19: 최소용량(MW) | G19: 최대용량(MW) | H19: 한계비용 | I19: 설비비용 | J19: 효율 | K19: 최대출력비율 | L19: 기동정지가능 | M19: committable | N19: p_min_pu | O19: ramp_limit_up | P19: ramp_limit_down
A20: PV | B20: CND_EL | C20: solar | D20: 3801 | E20: FALSE | G20: =D20*개발노트!$I$111 -> 11403 | H20: 2 | I20: 840601 | K20: 0.6
A21: WT | B21: CND_EL | C21: wind | D21: 10 | E21: FALSE | G21: =D21*개발노트!$I$111 -> 30 | H21: 4 | I21: 4712626 | K21: 0.7
A22: LNG | B22: CND_EL | C22: electricity | D22: 4077 | E22: FALSE | H22: 63.574 | I22: 2021803 | J22: 0.54 | M22: FALSE | O22: 0.25 | P22: 0.25
A23: Nuclear | B23: CND_EL | C23: electricity | D23: 0 | E23: FALSE | H23: 6 | I23: 7718412 | J23: 0.8 | K23: 0.85 | N23: 0.8
H24: 0 | I24: 0
A25: Coal | B25: CND_EL | C25: electricity | D25: 18246 | E25: FALSE | H25: 54.187 | I25: 2877207 | J25: 0.47 | K25: 0.85 | M25: FALSE | O25: 0.125 | P25: 0.125
A26: Hydro | B26: CND_EL | C26: electricity | D26: 32 | E26: FALSE | H26: 2 | I26: 0 | J26: 0.9 | K26: 0.3
A30: 부하
A32: 이름 | B32: 버스 | C32: 캐리어 | D32: 부하량(MW)
A33: Demand_EL | B33: CND_EL | C33: electricity | D33: 3698.6301
A34: Demand_H | B34: CND_H | C34: heat | D34: 472.89482
A35: Demand_H2 | B35: CND_H2 | C35: hydrogen | D35: 34.246575
A36: Demand_EV | B36: CND_EV | C36: EV | D36: 0
A39: 저장장치
A41: 이름 | B41: 버스 | C41: 캐리어 | D41: 저장용량(MWh) | E41: e_nom_extendable | F41: 주기적운전 | G41: 자체손실 | H41: 충전효율 | I41: 방전효율 | J41: 초기저장량 | K41: 최대저장용량 | L41: 최소잔량 | M41: 설비비용 | N41: 한계비용
A42: ESS | B42: CND_EL | C42: electricity | D42: 0 | E42: FALSE | F42: TRUE | G42: 0.01 | H42: 0.95 | I42: 0.95 | J42: =D42*0.5 -> 0 | K42: =D42 -> 0 | M42: 1758732
A43: H2_Storage | B43: CND_H2 | C43: hydrogen | D43: 100 | E43: FALSE | F43: TRUE | G43: 0.01 | H43: 0.95 | I43: 0.95 | J43: =D43*0.5 -> 50 | K43: =D43 -> 100 | M43: 82939
A44: H_Storage | B44: CND_H | C44: heat | D44: 100 | E44: FALSE | F44: TRUE | G44: 0.01 | H44: 0.95 | I44: 0.95 | J44: =D44*0.5 -> 50 | K44: =D44 -> 100 | M44: 64327
A45: EV_DSM | B45: CND_EV | C45: EV | D45: 0 | E45: FALSE | F45: TRUE | G45: 0.01 | H45: 0.95 | I45: 0.95 | J45: =D45*0.5 -> 0 | K45: =D45 -> 0 | L45: 0.3
A46: Pumped | B46: CND_EL | C46: electricity | E46: FALSE | F46: TRUE | G46: 0.01 | H46: 0.95 | I46: 0.95 | J46: =D46*0.5 -> 0 | K46: =D46 -> 0 | M46: 2548456 | N46: 707
A50: 링크
A52: 이름 | B52: 시작버스 | C52: 종료버스 | D52: 버스2 | E52: 버스3 | F52: 효율0 | G52: 효율1 | H52: 효율2 | I52: 효율3 | J52: 정격용량(MW) | K52: 용량확장가능 | L52: 최소용량(MW) | M52: 최대용량(MW) | N52: 설비비용 | O52: 한계비용
A53: Electrolyser | B53: CND_EL | C53: CND_H2 | F53: 0.7 | J53: 0 | K53: FALSE | M53: 1000 | N53: 1189914 | O53: 0
A54: HP | B54: CND_EL | C54: CND_H | F54: 3 | J54: 0 | K54: FALSE | M54: 500 | N54: 1311343 | O54: 10
A55: CHP | B55: CND_LNG | C55: CND_EL | D55: CND_H | F55: 0.5 | H55: 0.4 | J55: 596 | K55: FALSE | N55: 1604147.1 | O55: 63.574
A56: EV_Charger | B56: CND_EL | C56: CND_EV | F56: 0.95 | J56: 0 | K56: FALSE | N56: 0 | O56: 20
A57: EV_V2G | B57: CND_EV | C57: CND_EL | F57: 0.95 | J57: 0 | K57: FALSE | N57: 0 | O57: 20

Sheet 지역_DGU
A1: 대구광역시 에너지시스템 입력
F3: 입력 완료 후 선택: | G3: 추가 지역 입력 | H3: 저장
A7: 버스
A9: 이름 | B9: 전압(kV) | C9: 캐리어 | D9: X좌표 | E9: Y좌표
A11: DGU_H2 | B11: 1 | C11: hydrogen
A12: DGU_H | B12: 1 | C12: heat
A13: DGU_LNG | B13: 1 | C13: gas
A14: DGU_EV | B14: 1 | C14: EV
A17: 발전기
A19: 이름 | B19: 버스 | C19: 캐리어 | D19: 정격용량(MW) | E19: 용량확장가능 | F19: 최소용량(MW) | G19: 최대용량(MW) | H19: 한계비용 | I19: 설비비용 | J19: 효율 | K19: 최대출력비율 | L19: 기동정지가능 | M19: committable | N19: p_min_pu | O19: ramp_limit_up | P19: ramp_limit_down
A20: PV | B20: DGU_EL | C20: solar | D20: 1219 | E20: FALSE | G20: =D20*개발노트!$I$111 -> 3657 | H20: 2 | I20: 840601 | K20: 0.6
A21: WT | B21: DGU_EL | C21: wind | D21: 0 | E21: FALSE | G21: =D21*개발노트!$I$111 -> 0 | H21: 4 | I21: 4712626 | K21: 0.7
A22: LNG | B22: DGU_EL | C22: electricity | D22: 0 | E22: FALSE | H22: 63.574 | I22: 2021803 | J22: 0.54 | M22: FALSE | O22: 0.25 | P22: 0.25
A23: Nuclear | B23: DGU_EL | C23: electricity | D23: 0 | E23: FALSE | H23: 6 | I23: 7718412 | J23: 0.8 | K23: 0.85 | N23: 0.8
A24: slack | B24: DGU_EL | C24: electricity | D24: 3500 | E24: FALSE | H24: 300 | I24: 0
A25: Coal | B25: DGU_EL | C25: electricity | D25: 0 | E25: FALSE | H25: 54.187 | I25: 2877207 | J25: 0.47 | K25: 0.85 | M25: FALSE | O25: 0.125 | P25: 0.125
A26: Hydro | B26: DGU_EL | C26: electricity | D26: 0 | E26: FALSE | H26: 2 | I26: 0 | J26: 0.9 | K26: 0.3
A30: 부하
A32: 이름 | B32: 버스 | C32: 캐리어 | D32: 부하량(MW)
A33: Demand_EL | B33: DGU_EL | C33: electricity | D33: 3821.9178
A34: Demand_H | B34: DGU_H | C34: heat | D34: 680.43089
A35: Demand_H2 | B35: DGU_H2 | C35: hydrogen | D35: 35.388128
A36: Demand_EV | B36: DGU_EV | C36: EV | D36: 0
A39: 저장장치
A41: 이름 | B41: 버스 | C41: 캐리어 | D41: 저장용량(MWh) | E41: e_nom_extendable | F41: 주기적운전 | G41: 자체손실 | H41: 충전효율 | I41: 방전효율 | J41: 초기저장량 | K41: 최대저장용량 | L41: 최소잔량 | M41: 설비비용 | N41: 한계비용
A42: ESS | B42: DGU_EL | C42: electricity | D42: 0 | E42: FALSE | F42: TRUE | G42: 0.01 | H42: 0.95 | I42: 0.95 | J42: =D42*0.5 -> 0 | K42: =D42 -> 0 | M42: 1758732
A43: H2_Storage | B43: DGU_H2 | C43: hydrogen | D43: 100 | E43: FALSE | F43: TRUE | G43: 0.01 | H43: 0.95 | I43: 0.95 | J43: =D43*0.5 -> 50 | K43: =D43 -> 100 | M43: 82939
A44: H_Storage | B44: DGU_H | C44: heat | D44: 100 | E44: FALSE | F44: TRUE | G44: 0.01 | H44: 0.95 | I44: 0.95 | J44: =D44*0.5 -> 50 | K44: =D44 -> 100 | M44: 64327
A46: EV_DSM | B46: DGU_EV | C46: EV | D46: 0 | E46: FALSE | F46: TRUE | G46: 0.01 | H46: 0.95 | I46: 0.95 | J46: =D46*0.5 -> 0 | K46: =D46 -> 0
A50: 링크
A52: 이름 | B52: 시작버스 | C52: 종료버스 | D52: 버스2 | E52: 버스3 | F52: 효율0 | G52: 효율1 | H52: 효율2 | I52: 효율3 | J52: 정격용량(MW) | K52: 용량확장가능 | L52: 최소용량(MW) | M52: 최대용량(MW) | N52: 설비비용 | O52: 한계비용
A53: Electrolyser | B53: DGU_EL | C53: DGU_H2 | F53: 0.7 | J53: 0 | K53: FALSE | M53: 1000 | N53: 1189914 | O53: 0
A54: HP | B54: DGU_EL | C54: DGU_H | F54: 3 | J54: 0 | K54: FALSE | M54: 500 | N54: 1311343 | O54: 10
A55: CHP | B55: DGU_LNG | C55: DGU_EL | D55: DGU_H | F55: 0.5 | H55: 0.4 | J55: 713 | K55: FALSE | N55: 1604147.1 | O55: 63.574
A56: EV_Charger | B56: DGU_EL | C56: DGU_EV | F56: 0.95 | J56: 0 | K56: FALSE | N56: 0 | O56: 20
A57: EV_V2G | B57: DGU_EV | C57: DGU_EL | F57: 0.95 | J57: 0 | K57: FALSE | N57: 0 | O57: 20

Sheet 지역_DJN
A1: 대전광역시 에너지시스템 입력
F3: 입력 완료 후 선택: | G3: 추가 지역 입력 | H3: 저장
A7: 버스
A9: 이름 | B9: 전압(kV) | C9: 캐리어 | D9: X좌표 | E9: Y좌표
A11: DJN_H2 | B11: 1 | C11: hydrogen
A12: DJN_H | B12: 1 | C12: heat
A13: DJN_LNG | B13: 1 | C13: gas
A14: DJN_EV | B14: 1 | C14: EV
A17: 발전기
A19: 이름 | B19: 버스 | C19: 캐리어 | D19: 정격용량(MW) | E19: 용량확장가능 | F19: 최소용량(MW) | G19: 최대용량(MW) | H19: 한계비용 | I19: 설비비용 | J19: 효율 | K19: 최대출력비율 | L19: 기동정지가능 | M19: committable | N19: p_min_pu | O19: ramp_limit_up | P19: ramp_limit_down
A20: PV | B20: DJN_EL | C20: solar | D20: 538 | E20: FALSE | G20: =D20*개발노트!$I$111 -> 1614 | H20: 2 | I20: 840601 | K20: 0.6
A21: WT | B21: DJN_EL | C21: wind | D21: 0 | E21: FALSE | G21: =D21*개발노트!$I$111 -> 0 | H21: 4 | I21: 4712626 | K21: 0.7
A22: LNG | B22: DJN_EL | C22: electricity | D22: 0 | E22: FALSE | H22: 63.574 | I22: 2021803 | J22: 0.54 | M22: FALSE | O22: 0.25 | P22: 0.25
A23: Nuclear | B23: DJN_EL | C23: electricity | D23: 0 | E23: FALSE | H23: 6 | I23: 7718412 | J23: 0.8 | K23: 0.85 | N23: 0.8
A24: slack | B24: DJN_EL | C24: electricity | D24: 2500 | E24: FALSE | H24: 300 | I24: 0
A25: Coal | B25: DJN_EL | C25: electricity | D25: 0 | E25: FALSE | H25: 54.187 | I25: 2877207 | J25: 0.47 | K25: 0.85 | M25: FALSE | O25: 0.125 | P25: 0.125
A26: Hydro | B26: DJN_EL | C26: electricity | D26: 0 | E26: FALSE | H26: 2 | I26: 0 | J26: 0.9 | K26: 0.3
A30: 부하
A32: 이름 | B32: 버스 | C32: 캐리어 | D32: 부하량(MW)
A33: Demand_EL | B33: DJN_EL | C33: electricity | D33: 2219.1781
A34: Demand_H | B34: DJN_H | C34: heat | D34: 322.52768
A35: Demand_H2 | B35: DJN_H2 | C35: hydrogen | D35: 20.547945
A36: Demand_EV | B36: DJN_EV | C36: EV | D36: 0
A39: 저장장치
A41: 이름 | B41: 버스 | C41: 캐리어 | D41: 저장용량(MWh) | E41: e_nom_extendable | F41: 주기적운전 | G41: 자체손실 | H41: 충전효율 | I41: 방전효율 | J41: 초기저장량 | K41: 최대저장용량 | L41: 최소잔량 | M41: 설비비용 | N41: 한계비용
A42: ESS | B42: DJN_EL | C42: electricity | D42: 0 | E42: FALSE | F42: TRUE | G42: 0.01 | H42: 0.95 | I42: 0.95 | J42: =D42*0.5 -> 0 | K42: =D42 -> 0 | M42: 1758732
A43: H2_Storage | B43: DJN_H2 | C43: hydrogen | D43: 100 | E43: FALSE | F43: TRUE | G43: 0.01 | H43: 0.95 | I43: 0.95 | J43: =D43*0.5 -> 50 | K43: =D43 -> 100 | M43: 82939
A44: H_Storage | B44: DJN_H | C44: heat | D44: 100 | E44: FALSE | F44: TRUE | G44: 0.01 | H44: 0.95 | I44: 0.95 | J44: =D44*0.5 -> 50 | K44: =D44 -> 100 | M44: 64327
A46: EV_DSM | B46: DJN_EV | C46: EV | D46: 0 | E46: FALSE | F46: TRUE | G46: 0.01 | H46: 0.95 | I46: 0.95 | J46: =D46*0.5 -> 0 | K46: =D46 -> 0 | L46: 0.3
A50: 링크
A52: 이름 | B52: 시작버스 | C52: 종료버스 | D52: 버스2 | E52: 버스3 | F52: 효율0 | G52: 효율1 | H52: 효율2 | I52: 효율3 | J52: 정격용량(MW) | K52: 용량확장가능 | L52: 최소용량(MW) | M52: 최대용량(MW) | N52: 설비비용 | O52: 한계비용
A53: Electrolyser | B53: DJN_EL | C53: DJN_H2 | F53: 0.7 | J53: 0 | K53: FALSE | M53: 1000 | N53: 1189914 | O53: 0
A54: HP | B54: DJN_EL | C54: DJN_H | F54: 3 | J54: 0 | K54: FALSE | M54: 300 | N54: 1311343 | O54: 10
A55: CHP | B55: DJN_LNG | C55: DJN_EL | D55: DJN_H | F55: 0.5 | H55: 0.4 | J55: 136 | K55: FALSE | N55: 1604147.1 | O55: 63.574
A56: EV_Charger | B56: DJN_EL | C56: DJN_EV | F56: 0.95 | J56: 0 | K56: FALSE | N56: 0 | O56: 20
A57: EV_V2G | B57: DJN_EV | C57: DJN_EL | F57: 0.95 | J57: 0 | K57: FALSE | N57: 0 | O57: 20

Sheet 지역_GBD
A1: 경상북도 에너지시스템 입력
F3: 입력 완료 후 선택: | G3: 추가 지역 입력 | H3: 저장
A7: 버스
A9: 이름 | B9: 전압(kV) | C9: 캐리어 | D9: X좌표 | E9: Y좌표
A11: GBD_H2 | B11: 1 | C11: hydrogen
A12: GBD_H | B12: 1 | C12: heat
A13: GBD_LNG | B13: 1 | C13: gas
A14: GBD_EV | B14: 1 | C14: EV
A17: 발전기
A19: 이름 | B19: 버스 | C19: 캐리어 | D19: 정격용량(MW) | E19: 용량확장가능 | F19: 최소용량(MW) | G19: 최대용량(MW) | H19: 한계비용 | I19: 설비비용 | J19: 효율 | K19: 최대출력비율 | L19: 기동정지가능 | M19: committable | N19: p_min_pu | O19: ramp_limit_up | P19: ramp_limit_down
A20: PV | B20: GBD_EL | C20: solar | D20: 4291 | E20: FALSE | G20: =D20*개발노트!$I$111 -> 12873 | H20: 2 | I20: 840601 | K20: 0.6
A21: WT | B21: GBD_EL | C21: wind | D21: 530 | E21: FALSE | G21: =D21*개발노트!$I$111 -> 1590 | H21: 4 | I21: 4712626 | K21: 0.7
A22: LNG | B22: GBD_EL | C22: electricity | D22: 361 | E22: FALSE | H22: 63.574 | I22: 2021803 | J22: 0.54 | M22: FALSE | O22: 0.25 | P22: 0.25
A23: Nuclear | B23: GBD_EL | C23: electricity | D23: 11400 | E23: FALSE | H23: 6 | I23: 7718412 | J23: 0.8 | K23: 0.85 | N23: 0.8
H24: 0 | I24: 0
A25: Coal | B25: GBD_EL | C25: electricity | D25: 0 | E25: FALSE | H25: 54.187 | I25: 2877207 | J25: 0.47 | K25: 0.85 | M25: FALSE | O25: 0.125 | P25: 0.125
A26: Hydro | B26: GBD_EL | C26: electricity | D26: 179 | E26: FALSE | H26: 2 | I26: 0 | J26: 0.9 | K26: 0.3
A30: 부하
A32: 이름 | B32: 버스 | C32: 캐리어 | D32: 부하량(MW)
A33: Demand_EL | B33: GBD_EL | C33: electricity | D33: 3575.3425
A34: Demand_H | B34: GBD_H | C34: heat | D34: 535.09636
A35: Demand_H2 | B35: GBD_H2 | C35: hydrogen | D35: 33.105023
A36: Demand_EV | B36: GBD_EV | C36: EV | D36: 0
A39: 저장장치
A41: 이름 | B41: 버스 | C41: 캐리어 | D41: 저장용량(MWh) | E41: e_nom_extendable | F41: 주기적운전 | G41: 자체손실 | H41: 충전효율 | I41: 방전효율 | J41: 초기저장량 | K41: 최대저장용량 | L41: 최소잔량 | M41: 설비비용 | N41: 한계비용
A42: ESS | B42: GBD_EL | C42: electricity | D42: 0 | E42: FALSE | F42: TRUE | G42: 0.01 | H42: 0.95 | I42: 0.95 | J42: =D42*0.5 -> 0 | K42: =D42 -> 0 | M42: 1758732
A43: H2_Storage | B43: GBD_H2 | C43: hydrogen | D43: 100 | E43: FALSE | F43: TRUE | G43: 0.01 | H43: 0.95 | I43: 0.95 | J43: =D43*0.5 -> 50 | K43: =D43 -> 100 | M43: 82939
A44: H_Storage | B44: GBD_H | C44: heat | D44: 100 | E44: FALSE | F44: TRUE | G44: 0.01 | H44: 0.95 | I44: 0.95 | J44: =D44*0.5 -> 50 | K44: =D44 -> 100 | M44: 64327
A45: Pumped | B45: GBD_EL | C45: electricity | D45: 1400 | E45: FALSE | F45: TRUE | G45: 0.01 | H45: 0.95 | I45: 0.95 | J45: =D45*0.5 -> 700 | K45: =D45 -> 1400 | M45: 2548456 | N45: 707
A46: EV_DSM | B46: GBD_EV | C46: EV | D46: 0 | E46: FALSE | F46: TRUE | G46: 0.01 | H46: 0.95 | I46: 0.95 | J46: =D46*0.5 -> 0 | K46: =D46 -> 0 | L46: 0.3
A50: 링크
A52: 이름 | B52: 시작버스 | C52: 종료버스 | D52: 버스2 | E52: 버스3 | F52: 효율0 | G52: 효율1 | H52: 효율2 | I52: 효율3 | J52: 정격용량(MW) | K52: 용량확장가능 | L52: 최소용량(MW) | M52: 최대용량(MW) | N52: 설비비용 | O52: 한계비용
A53: Electrolyser | B53: GBD_EL | C53: GBD_H2 | F53: 0.7 | J53: 0 | K53: FALSE | M53: 1000 | N53: 1189914 | O53: 0
A54: HP | B54: GBD_EL | C54: GBD_H | F54: 3 | J54: 0 | K54: FALSE | M54: 500 | N54: 1311343 | O54: 10
A55: CHP | B55: GBD_LNG | C55: GBD_EL | D55: GBD_H | F55: 0.5 | H55: 0.4 | J55: 156 | K55: FALSE | N55: 1604147.1 | O55: 63.574
A56: EV_Charger | B56: GBD_EL | C56: GBD_EV | F56: 0.95 | J56: 0 | K56: FALSE | N56: 0 | O56: 20
A57: EV_V2G | B57: GBD_EV | C57: GBD_EL | F57: 0.95 | J57: 0 | K57: FALSE | N57: 0 | O57: 20
A58: H2F | B58: GBD_H2 | C58: GBD_EL | D58: GBD_H | F58: 0.5 | H58: 0.4 | J58: 0 | K58: FALSE | N58: 3761636 | O58: 10

Sheet 지역_GGD
A1: 경기도 에너지시스템 입력
F3: 입력 완료 후 선택: | G3: 추가 지역 입력 | H3: 저장
A7: 버스
A9: 이름 | B9: 전압(kV) | C9: 캐리어 | D9: X좌표 | E9: Y좌표
A11: GGD_H2 | B11: 1 | C11: hydrogen
A12: GGD_H | B12: 1 | C12: heat
A13: GGD_LNG | B13: 1 | C13: gas
A14: GGD_EV | B14: 1 | C14: EV
A17: 발전기
A19: 이름 | B19: 버스 | C19: 캐리어 | D19: 정격용량(MW) | E19: 용량확장가능 | F19: 최소용량(MW) | G19: 최대용량(MW) | H19: 한계비용 | I19: 설비비용 | J19: 효율 | K19: 최대출력비율 | L19: 기동정지가능 | M19: committable | N19: p_min_pu | O19: ramp_limit_up | P19: ramp_limit_down
A20: PV | B20: GGD_EL | C20: solar | D20: 2438 | E20: FALSE | G20: =D20*개발노트!$I$111 -> 7314 | H20: 2 | I20: 840601 | K20: 0.6
A21: WT | B21: GGD_EL | C21: wind | D21: 60 | E21: FALSE | G21: =D21*개발노트!$I$111 -> 180 | H21: 4 | I21: 4712626 | K21: 0.7
A22: LNG | B22: GGD_EL | C22: electricity | D22: 11836 | E22: FALSE | H22: 63.574 | I22: 2021803 | J22: 0.54 | M22: FALSE | O22: 0.25 | P22: 0.25
A23: Nuclear | B23: GGD_EL | C23: electricity | D23: 0 | E23: FALSE | H23: 6 | I23: 7718412 | J23: 0.8 | K23: 0.85 | N23: 0.8
H24: 0 | I24: 0
A25: Coal | B25: GGD_EL | C25: electricity | D25: 0 | E25: FALSE | H25: 54.187 | I25: 2877207 | J25: 0.47 | K25: 0.85 | M25: FALSE | O25: 0.125 | P25: 0.125
A26: Hydro | B26: GGD_EL | C26: electricity | D26: 275 | E26: FALSE | H26: 2 | I26: 0 | J26: 0.9 | K26: 0.3
A30: 부하
A32: 이름 | B32: 버스 | C32: 캐리어 | D32: 부하량(MW)
A33: Demand_EL | B33: GGD_EL | C33: electricity | D33: 11712.329
A34: Demand_H | B34: GGD_H | C34: heat | D34: 2436.4678
A35: Demand_H2 | B35: GGD_H2 | C35: hydrogen | D35: 108.44749
A36: Demand_EV | B36: GGD_EV | C36: EV | D36: 0
A39: 저장장치
A41: 이름 | B41: 버스 | C41: 캐리어 | D41: 저장용량(MWh) | E41: e_nom_extendable | F41: 주기적운전 | G41: 자체손실 | H41: 충전효율 | I41: 방전효율 | J41: 초기저장량 | K41: 최대저장용량 | L41: 최소잔량 | M41: 설비비용 | N41: 한계비용
A42: ESS | B42: GGD_EL | C42: electricity | D42: 0 | E42: FALSE | F42: TRUE | G42: 0.01 | H42: 0.95 | I42: 0.95 | J42: =D42*0.5 -> 0 | K42: =D42 -> 0 | M42: 1758732
A43: H2_Storage | B43: GGD_H2 | C43: hydrogen | D43: 100 | E43: FALSE | F43: TRUE | G43: 0.01 | H43: 0.95 | I43: 0.95 | J43: =D43*0.5 -> 50 | K43: =D43 -> 100 | M43: 82939
A44: H_Storage | B44: GGD_H | C44: heat | D44: 100 | E44: FALSE | F44: TRUE | G44: 0.01 | H44: 0.95 | I44: 0.95 | J44: =D44*0.5 -> 50 | K44: =D44 -> 100 | M44: 64327
A45: Pumped | B45: GGD_EL | C45: electricity | D45: 400 | E45: FALSE | F45: TRUE | G45: 0.01 | H45: 0.95 | I45: 0.95 | J45: =D45*0.5 -> 200 | K45: =D45 -> 400 | M45: 2548456 | N45: 707
A47: EV_DSM | B47: GGD_EV | C47: EV | D47: 0 | E47: FALSE | F47: TRUE | G47: 0.01 | H47: 0.95 | I47: 0.95 | J47: =D47*0.5 -> 0 | K47: =D47 -> 0 | L47: 0.3
A50: 링크
A52: 이름 | B52: 시작버스 | C52: 종료버스 | D52: 버스2 | E52: 버스3 | F52: 효율0 | G52: 효율1 | H52: 효율2 | I52: 효율3 | J52: 정격용량(MW) | K52: 용량확장가능 | L52: 최소용량(MW) | M52: 최대용량(MW) | N52: 설비비용 | O52: 한계비용
A53: Electrolyser | B53: GGD_EL | C53: GGD_H2 | F53: 0.7 | J53: 0 | K53: FALSE | M53: 1000 | N53: 1189914 | O53: 0
A54: HP | B54: GGD_EL | C54: GGD_H | F54: 3 | J54: 0 | K54: FALSE | M54: 1500 | N54: 1311343 | O54: 10
A55: CHP | B55: GGD_LNG | C55: GGD_EL | D55: GGD_H | F55: 0.5 | H55: 0.4 | J55: 6043 | K55: FALSE | N55: 1604147.1 | O55: 63.574
A56: EV_Charger | B56: GGD_EL | C56: GGD_EV | F56: 0.95 | J56: 0 | K56: FALSE | N56: 0 | O56: 20
A57: EV_V2G | B57: GGD_EV | C57: GGD_EL | F57: 0.95 | J57: 0 | K57: FALSE | N57: 0 | O57: 20

Sheet 지역_GND
A1: 경상남도 에너지시스템 입력
F3: 입력 완료 후 선택: | G3: 추가 지역 입력 | H3: 저장
A7: 버스
A9: 이름 | B9: 전압(kV) | C9: 캐리어 | D9: X좌표 | E9: Y좌표
A11: GND_H2 | B11: 1 | C11: hydrogen
A12: GND_H | B12: 1 | C12: heat
A13: GND_LNG | B13: 1 | C13: gas
A14: GND_EV | B14: 1 | C14: EV
A17: 발전기
A19: 이름 | B19: 버스 | C19: 캐리어 | D19: 정격용량(MW) | E19: 용량확장가능 | F19: 최소용량(MW) | G19: 최대용량(MW) | H19: 한계비용 | I19: 설비비용 | J19: 효율 | K19: 최대출력비율 | L19: 기동정지가능 | M19: committable | N19: p_min_pu | O19: ramp_limit_up | P19: ramp_limit_down
A20: PV | B20: GND_EL | C20: solar | D20: 2235 | E20: FALSE | G20: =D20*개발노트!$I$111 -> 6705 | H20: 2 | I20: 840601 | K20: 0.6
A21: WT | B21: GND_EL | C21: wind | D21: 110 | E21: FALSE | G21: =D21*개발노트!$I$111 -> 330 | H21: 4 | I21: 4712626 | K21: 0.7
A22: LNG | B22: GND_EL | C22: electricity | D22: 1012 | E22: FALSE | H22: 63.574 | I22: 2021803 | J22: 0.54 | M22: FALSE | O22: 0.25 | P22: 0.25
A23: Nuclear | B23: GND_EL | C23: electricity | D23: 0 | E23: FALSE | H23: 6 | I23: 7718412 | J23: 0.8 | K23: 0.85 | N23: 0.8
H24: 0 | I24: 0
A25: Coal | B25: GND_EL | C25: electricity | D25: 8200 | E25: FALSE | H25: 54.187 | I25: 2877207 | J25: 0.47 | K25: 0.85 | M25: FALSE | O25: 0.125 | P25: 0.125
A26: Hydro | B26: GND_EL | C26: electricity | D26: 145 | E26: FALSE | H26: 2 | I26: 0 | J26: 0.9 | K26: 0.3
A30: 부하
A32: 이름 | B32: 버스 | C32: 캐리어 | D32: 부하량(MW)
A33: Demand_EL | B33: GND_EL | C33: electricity | D33: 4438.3562
A34: Demand_H | B34: GND_H | C34: heat | D34: 693.44148
A35: Demand_H2 | B35: GND_H2 | C35: hydrogen | D35: 41.09589
A36: Demand_EV | B36: GND_EV | C36: EV | D36: 0
A39: 저장장치
A41: 이름 | B41: 버스 | C41: 캐리어 | D41: 저장용량(MWh) | E41: e_nom_extendable | F41: 주기적운전 | G41: 자체손실 | H41: 충전효율 | I41: 방전효율 | J41: 초기저장량 | K41: 최대저장용량 | L41: 최소잔량 | M41: 설비비용 | N41: 한계비용
A42: ESS | B42: GND_EL | C42: electricity | D42: 0 | E42: FALSE | F42: TRUE | G42: 0.01 | H42: 0.95 | I42: 0.95 | J42: =D42*0.5 -> 0 | K42: =D42 -> 0 | M42: 1758732
A43: H2_Storage | B43: GND_H2 | C43: hydrogen | D43: 100 | E43: FALSE | F43: TRUE | G43: 0.01 | H43: 0.95 | I43: 0.95 | J43: =D43*0.5 -> 50 | K43: =D43 -> 100 | M43: 82939
A44: H_Storage | B44: GND_H | C44: heat | D44: 100 | E44: FALSE | F44: TRUE | G44: 0.01 | H44: 0.95 | I44: 0.95 | J44: =D44*0.5 -> 50 | K44: =D44 -> 100 | M44: 64327
A45: Pumped | B45: GND_EL | C45: electricity | D45: 1300 | E45: FALSE | F45: TRUE | G45: 0.01 | H45: 0.95 | I45: 0.95 | J45: =D45*0.5 -> 650 | K45: =D45 -> 1300 | M45: 2548456 | N45: 707
A46: EV_DSM | B46: GND_EV | C46: EV | D46: 0 | E46: FALSE | F46: TRUE | G46: 0.01 | H46: 0.95 | I46: 0.95 | J46: =D46*0.5 -> 0 | K46: =D46 -> 0 | L46: 0.3
A50: 링크
A52: 이름 | B52: 시작버스 | C52: 종료버스 | D52: 버스2 | E52: 버스3 | F52: 효율0 | G52: 효율1 | H52: 효율2 | I52: 효율3 | J52: 정격용량(MW) | K52: 용량확장가능 | L52: 최소용량(MW) | M52: 최대용량(MW) | N52: 설비비용 | O52: 한계비용
A53: Electrolyser | B53: GND_EL | C53: GND_H2 | F53: 0.7 | J53: 0 | K53: FALSE | M53: 1000 | N53: 1189914 | O53: 0
A54: HP | B54: GND_EL | C54: GND_H | F54: 3 | J54: 0 | K54: FALSE | M54: 500 | N54: 1311343 | O54: 10
A55: CHP | B55: GND_LNG | C55: GND_EL | D55: GND_H | F55: 0.5 | H55: 0.4 | J55: 145 | K55: FALSE | N55: 1604147.1 | O55: 63.574
A56: EV_Charger | B56: GND_EL | C56: GND_EV | F56: 0.95 | J56: 0 | K56: FALSE | N56: 0 | O56: 20
A57: EV_V2G | B57: GND_EV | C57: GND_EL | F57: 0.95 | J57: 0 | K57: FALSE | N57: 0 | O57: 20

Sheet 지역_GWD
A1: 강원도 에너지시스템 입력
F3: 입력 완료 후 선택: | G3: 추가 지역 입력 | H3: 저장
A7: 버스
A9: 이름 | B9: 전압(kV) | C9: 캐리어 | D9: X좌표 | E9: Y좌표
A11: GWD_H2 | B11: 1 | C11: hydrogen
A12: GWD_H | B12: 1 | C12: heat
A13: GWD_LNG | B13: 1 | C13: gas
A14: GWD_EV | B14: 1 | C14: EV
A17: 발전기
A19: 이름 | B19: 버스 | C19: 캐리어 | D19: 정격용량(MW) | E19: 용량확장가능 | F19: 최소용량(MW) | G19: 최대용량(MW) | H19: 한계비용 | I19: 설비비용 | J19: 효율 | K19: 최대출력비율 | L19: 기동정지가능 | M19: committable | N19: p_min_pu | O19: ramp_limit_up | P19: ramp_limit_down
A20: PV | B20: GWD_EL | C20: solar | D20: 2630 | E20: FALSE | G20: =D20*개발노트!$I$111 -> 7890 | H20: 2 | I20: 840601 | K20: 0.6
A21: WT | B21: GWD_EL | C21: wind | D21: 590 | E21: FALSE | G21: =D21*개발노트!$I$111 -> 1770 | H21: 4 | I21: 4712626 | K21: 0.7
A22: LNG | B22: GWD_EL | C22: electricity | D22: 848 | E22: FALSE | H22: 63.574 | I22: 2021803 | J22: 0.54 | M22: FALSE | O22: 0.25 | P22: 0.25
A23: Nuclear | B23: GWD_EL | C23: electricity | D23: 0 | E23: FALSE | H23: 6 | I23: 7718412 | J23: 0.8 | K23: 0.85 | N23: 0.8
H24: 0 | I24: 0
A25: Coal | B25: GWD_EL | C25: electricity | D25: 7814 | E25: FALSE | H25: 54.187 | I25: 2877207 | J25: 0.47 | K25: 0.85 | M25: FALSE | O25: 0.125 | P25: 0.125
A26: Hydro | B26: GWD_EL | C26: electricity | D26: 525 | E26: FALSE | H26: 2 | I26: 0 | J26: 0.9 | K26: 0.3
A30: 부하
A32: 이름 | B32: 버스 | C32: 캐리어 | D32: 부하량(MW)
A33: Demand_EL | B33: GWD_EL | C33: electricity | D33: 2342.4658
A34: Demand_H | B34: GWD_H | C34: heat | D34: 331.47828
A35: Demand_H2 | B35: GWD_H2 | C35: hydrogen | D35: 21.689498
A36: Demand_EV | B36: GWD_EV | C36: EV | D36: 0
A39: 저장장치
A41: 이름 | B41: 버스 | C41: 캐리어 | D41: 저장용량(MWh) | E41: e_nom_extendable | F41: 주기적운전 | G41: 자체손실 | H41: 충전효율 | I41: 방전효율 | J41: 초기저장량 | K41: 최대저장용량 | L41: 최소잔량 | M41: 설비비용 | N41: 한계비용
A42: ESS | B42: GWD_EL | C42: electricity | D42: 0 | E42: FALSE | F42: TRUE | G42: 0.01 | H42: 0.95 | I42: 0.95 | J42: =D42*0.5 -> 0 | K42: =D42 -> 0 | M42: 1758732
A43: H2_Storage | B43: GWD_H2 | C43: hydrogen | D43: 100 | E43: FALSE | F43: TRUE | G43: 0.01 | H43: 0.95 | I43: 0.95 | J43: =D43*0.5 -> 50 | K43: =D43 -> 100 | M43: 82939
A44: H_Storage | B44: GWD_H | C44: heat | D44: 100 | E44: FALSE | F44: TRUE | G44: 0.01 | H44: 0.95 | I44: 0.95 | J44: =D44*0.5 -> 50 | K44: =D44 -> 100 | M44: 64327
A45: Pumped | B45: GWD_EL | C45: electricity | D45: 1000 | E45: FALSE | F45: TRUE | G45: 0.01 | H45: 0.95 | I45: 0.95 | J45: =D45*0.5 -> 500 | K45: =D45 -> 1000 | M45: 2548456 | N45: 707
A46: EV_DSM | B46: GWD_EV | C46: EV | D46: 0 | E46: FALSE | F46: TRUE | G46: 0.01 | H46: 0.95 | I46: 0.95 | J46: =D46*0.5 -> 0 | K46: =D46 -> 0 | L46: 0.3
A50: 링크
A52: 이름 | B52: 시작버스 | C52: 종료버스 | D52: 버스2 | E52: 버스3 | F52: 효율0 | G52: 효율1 | H52: 효율2 | I52: 효율3 | J52: 정격용량(MW) | K52: 용량확장가능 | L52: 최소용량(MW) | M52: 최대용량(MW) | N52: 설비비용 | O52: 한계비용
A53: Electrolyser | B53: GWD_EL | C53: GWD_H2 | F53: 0.7 | J53: 0 | K53: FALSE | M53: 1000 | N53: 1189914 | O53: 0
A54: HP | B54: GWD_EL | C54: GWD_H | F54: 3 | J54: 0 | K54: FALSE | M54: 300 | N54: 1311343 | O54: 10
A55: CHP | B55: GWD_LNG | C55: GWD_EL | D55: GWD_H | F55: 0.5 | H55: 0.4 | J55: 431 | K55: FALSE | N55: 1604147.1 | O55: 63.574
A56: EV_Charger | B56: GWD_EL | C56: GWD_EV | F56: 0.95 | J56: 0 | K56: FALSE | N56: 0 | O56: 20
A57: EV_V2G | B57: GWD_EV | C57: GWD_EL | F57: 0.95 | J57: 0 | K57: FALSE | N57: 0 | O57: 20
A58: H2F | B58: GWD_H2 | C58: GWD_EL | D58: GWD_H | F58: 0.5 | H58: 0.4 | J58: 0 | K58: FALSE | N58: 3761636 | O58: 10

Sheet 지역_GWJ
A1: 광주광역시 에너지시스템 입력
F3: 입력 완료 후 선택: | G3: 추가 지역 입력 | H3: 저장
A7: 버스
A9: 이름 | B9: 전압(kV) | C9: 캐리어 | D9: X좌표 | E9: Y좌표
A11: GWJ_H2 | B11: 1 | C11: hydrogen
A12: GWJ_H | B12: 1 | C12: heat
A13: GWJ_LNG | B13: 1 | C13: gas
A14: GWJ_EV | B14: 1 | C14: EV
A17: 발전기
A19: 이름 | B19: 버스 | C19: 캐리어 | D19: 정격용량(MW) | E19: 용량확장가능 | F19: 최소용량(MW) | G19: 최대용량(MW) | H19: 한계비용 | I19: 설비비용 | J19: 효율 | K19: 최대출력비율 | L19: 기동정지가능 | M19: committable | N19: p_min_pu | O19: ramp_limit_up | P19: ramp_limit_down
A20: PV | B20: GWJ_EL | C20: solar | D20: 837 | E20: FALSE | G20: =D20*개발노트!$I$111 -> 2511 | H20: 2 | I20: 840601 | K20: 0.6
A21: WT | B21: GWJ_EL | C21: wind | D21: 0 | E21: FALSE | G21: =D21*개발노트!$I$111 -> 0 | H21: 4 | I21: 4712626 | K21: 0.7
A22: LNG | B22: GWJ_EL | C22: electricity | D22: 0 | E22: FALSE | H22: 63.574 | I22: 2021803 | J22: 0.54 | M22: FALSE | O22: 0.25 | P22: 0.25
A23: Nuclear | B23: GWJ_EL | C23: electricity | D23: 0 | E23: FALSE | H23: 6 | I23: 7718412 | J23: 0.8 | K23: 0.85 | N23: 0.8
A24: slack | B24: GWJ_EL | C24: electricity | D24: 2500 | E24: FALSE | H24: 300 | I24: 0
A25: Coal | B25: GWJ_EL | C25: electricity | D25: 0 | E25: FALSE | H25: 54.187 | I25: 2877207 | J25: 0.47 | K25: 0.85 | M25: FALSE | O25: 0.125 | P25: 0.125
A26: Hydro | B26: GWJ_EL | C26: electricity | D26: 0 | E26: FALSE | H26: 2 | I26: 0 | J26: 0.9 | K26: 0.3
A30: 부하
A32: 이름 | B32: 버스 | C32: 캐리어 | D32: 부하량(MW)
A33: Demand_EL | B33: GWJ_EL | C33: electricity | D33: 2527.3973
A34: Demand_H | B34: GWJ_H | C34: heat | D34: 340.14885
A35: Demand_H2 | B35: GWJ_H2 | C35: hydrogen | D35: 23.401826
A36: Demand_EV | B36: GWJ_EV | C36: EV | D36: 0
A39: 저장장치
A41: 이름 | B41: 버스 | C41: 캐리어 | D41: 저장용량(MWh) | E41: e_nom_extendable | F41: 주기적운전 | G41: 자체손실 | H41: 충전효율 | I41: 방전효율 | J41: 초기저장량 | K41: 최대저장용량 | L41: 최소잔량 | M41: 설비비용 | N41: 한계비용
A42: ESS | B42: GWJ_EL | C42: electricity | D42: 0 | E42: FALSE | F42: TRUE | G42: 0.01 | H42: 0.95 | I42: 0.95 | J42: =D42*0.5 -> 0 | K42: =D42 -> 0 | M42: 1758732
A43: H2_Storage | B43: GWJ_H2 | C43: hydrogen | D43: 100 | E43: FALSE | F43: TRUE | G43: 0.01 | H43: 0.95 | I43: 0.95 | J43: =D43*0.5 -> 50 | K43: =D43 -> 100 | M43: 82939
A44: H_Storage | B44: GWJ_H | C44: heat | D44: 100 | E44: FALSE | F44: TRUE | G44: 0.01 | H44: 0.95 | I44: 0.95 | J44: =D44*0.5 -> 50 | K44: =D44 -> 100 | M44: 64327
A46: EV_DSM | B46: GWJ_EV | C46: EV | D46: 0 | E46: FALSE | F46: TRUE | G46: 0.01 | H46: 0.95 | I46: 0.95 | J46: =D46*0.5 -> 0 | K46: =D46 -> 0 | L46: 0.3
A50: 링크
A52: 이름 | B52: 시작버스 | C52: 종료버스 | D52: 버스2 | E52: 버스3 | F52: 효율0 | G52: 효율1 | H52: 효율2 | I52: 효율3 | J52: 정격용량(MW) | K52: 용량확장가능 | L52: 최소용량(MW) | M52: 최대용량(MW) | N52: 설비비용 | O52: 한계비용
A53: Electrolyser | B53: GWJ_EL | C53: GWJ_H2 | F53: 0.7 | J53: 0 | K53: FALSE | M53: 1000 | N53: 1189914 | O53: 0
A54: HP | B54: GWJ_EL | C54: GWJ_H | F54: 3 | J54: 0 | K54: FALSE | M54: 300 | N54: 1311343 | O54: 10
A55: CHP | B55: GWJ_LNG | C55: GWJ_EL | D55: GWJ_H | F55: 0.5 | H55: 0.4 | J55: 115 | K55: FALSE | N55: 1604147.1 | O55: 63.574
A56: EV_Charger | B56: GWJ_EL | C56: GWJ_EV | F56: 0.95 | J56: 0 | K56: FALSE | N56: 0 | O56: 20
A57: EV_V2G | B57: GWJ_EV | C57: GWJ_EL | F57: 0.95 | J57: 0 | K57: FALSE | N57: 0 | O57: 20

Sheet 지역_ICN
A1: 인천광역시 에너지시스템 입력
F3: 입력 완료 후 선택: | G3: 추가 지역 입력 | H3: 저장
A7: 버스
A9: 이름 | B9: 전압(kV) | C9: 캐리어 | D9: X좌표 | E9: Y좌표
A11: ICN_H2 | B11: 1 | C11: hydrogen
A12: ICN_H | B12: 1 | C12: heat
A13: ICN_LNG | B13: 1 | C13: gas
A14: ICN_EV | B14: 1 | C14: EV
A17: 발전기
A19: 이름 | B19: 버스 | C19: 캐리어 | D19: 정격용량(MW) | E19: 용량확장가능 | F19: 최소용량(MW) | G19: 최대용량(MW) | H19: 한계비용 | I19: 설비비용 | J19: 효율 | K19: 최대출력비율 | L19: 기동정지가능 | M19: committable | N19: p_min_pu | O19: ramp_limit_up | P19: ramp_limit_down
A20: PV | B20: ICN_EL | C20: solar | D20: 1434 | E20: FALSE | G20: =D20*개발노트!$I$111 -> 4302 | H20: 2 | I20: 840601 | K20: 0.6
A21: WT | B21: ICN_EL | C21: wind | D21: 0 | E21: FALSE | G21: =D21*개발노트!$I$111 -> 0 | H21: 4 | I21: 4712626 | K21: 0.7
A22: LNG | B22: ICN_EL | C22: electricity | D22: 8238 | E22: FALSE | H22: 63.574 | I22: 2021803 | J22: 0.54 | M22: FALSE | O22: 0.25 | P22: 0.25
A23: Nuclear | B23: ICN_EL | C23: electricity | D23: 0 | E23: FALSE | H23: 6 | I23: 7718412 | J23: 0.8 | K23: 0.85 | N23: 0.8
H24: 0 | I24: 0
A25: Coal | B25: ICN_EL | C25: electricity | D25: 5080 | E25: FALSE | H25: 54.187 | I25: 2877207 | J25: 0.47 | K25: 0.85 | M25: FALSE | O25: 0.125 | P25: 0.125
A26: Hydro | B26: ICN_EL | C26: electricity | D26: 12 | E26: FALSE | H26: 2 | I26: 0 | J26: 0.9 | K26: 0.3
A30: 부하
A32: 이름 | B32: 버스 | C32: 캐리어 | D32: 부하량(MW)
A33: Demand_EL | B33: ICN_EL | C33: electricity | D33: 4869.863
A34: Demand_H | B34: ICN_H | C34: heat | D34: 620.2448
A35: Demand_H2 | B35: ICN_H2 | C35: hydrogen | D35: 45.091324
A36: Demand_EV | B36: ICN_EV | C36: EV | D36: 0
A39: 저장장치
A41: 이름 | B41: 버스 | C41: 캐리어 | D41: 저장용량(MWh) | E41: e_nom_extendable | F41: 주기적운전 | G41: 자체손실 | H41: 충전효율 | I41: 방전효율 | J41: 초기저장량 | K41: 최대저장용량 | L41: 최소잔량 | M41: 설비비용 | N41: 한계비용
A42: ESS | B42: ICN_EL | C42: electricity | D42: 0 | E42: FALSE | F42: TRUE | G42: 0.01 | H42: 0.95 | I42: 0.95 | J42: =D42*0.5 -> 0 | K42: =D42 -> 0 | M42: 1758732
A43: H2_Storage | B43: ICN_H2 | C43: hydrogen | D43: 100 | E43: FALSE | F43: TRUE | G43: 0.01 | H43: 0.95 | I43: 0.95 | J43: =D43*0.5 -> 50 | K43: =D43 -> 100 | M43: 82939
A44: H_Storage | B44: ICN_H | C44: heat | D44: 100 | E44: FALSE | F44: TRUE | G44: 0.01 | H44: 0.95 | I44: 0.95 | J44: =D44*0.5 -> 50 | K44: =D44 -> 100 | M44: 64327
A46: EV_DSM | B46: ICN_EV | C46: EV | D46: 0 | E46: FALSE | F46: TRUE | G46: 0.01 | H46: 0.95 | I46: 0.95 | J46: =D46*0.5 -> 0 | K46: =D46 -> 0 | L46: 0.3
A50: 링크
A52: 이름 | B52: 시작버스 | C52: 종료버스 | D52: 버스2 | E52: 버스3 | F52: 효율0 | G52: 효율1 | H52: 효율2 | I52: 효율3 | J52: 정격용량(MW) | K52: 용량확장가능 | L52: 최소용량(MW) | M52: 최대용량(MW) | N52: 설비비용 | O52: 한계비용
A53: Electrolyser | B53: ICN_EL | C53: ICN_H2 | F53: 0.7 | J53: 0 | K53: FALSE | M53: 1000 | N53: 1189914 | O53: 0
A54: HP | B54: ICN_EL | C54: ICN_H | F54: 3 | J54: 0 | K54: FALSE | M54: 600 | N54: 1311343 | O54: 10
A55: CHP | B55: ICN_LNG | C55: ICN_EL | D55: ICN_H | F55: 0.5 | H55: 0.4 | J55: 338 | K55: FALSE | N55: 1604147.1 | O55: 63.574
A56: EV_Charger | B56: ICN_EL | C56: ICN_EV | F56: 0.95 | J56: 0 | K56: FALSE | N56: 0 | O56: 20
A57: EV_V2G | B57: ICN_EV | C57: ICN_EL | F57: 0.95 | J57: 0 | K57: FALSE | N57: 0 | O57: 20

Sheet 지역_JBD
A1: 전라북도 에너지시스템 입력
F3: 입력 완료 후 선택: | G3: 추가 지역 입력 | H3: 저장
A7: 버스
A9: 이름 | B9: 전압(kV) | C9: 캐리어 | D9: X좌표 | E9: Y좌표
A11: JBD_H2 | B11: 1 | C11: hydrogen
A12: JBD_H | B12: 1 | C12: heat
A13: JBD_LNG | B13: 1 | C13: gas
A14: JBD_EV | B14: 1 | C14: EV
A17: 발전기
A19: 이름 | B19: 버스 | C19: 캐리어 | D19: 정격용량(MW) | E19: 용량확장가능 | F19: 최소용량(MW) | G19: 최대용량(MW) | H19: 한계비용 | I19: 설비비용 | J19: 효율 | K19: 최대출력비율 | L19: 기동정지가능 | M19: committable | N19: p_min_pu | O19: ramp_limit_up | P19: ramp_limit_down
A20: PV | B20: JBD_EL | C20: solar | D20: 5642 | E20: FALSE | G20: =D20*개발노트!$I$111 -> 16926 | H20: 2 | I20: 840601 | K20: 0.6
A21: WT | B21: JBD_EL | C21: wind | D21: 30 | E21: FALSE | G21: =D21*개발노트!$I$111 -> 90 | H21: 4 | I21: 4712626 | K21: 0.7
A22: LNG | B22: JBD_EL | C22: electricity | D22: 718 | E22: FALSE | H22: 63.574 | I22: 2021803 | J22: 0.54 | M22: FALSE | O22: 0.25 | P22: 0.25
A23: Nuclear | B23: JBD_EL | C23: electricity | D23: 0 | E23: FALSE | H23: 6 | I23: 7718412 | J23: 0.8 | K23: 0.85 | N23: 0.8
H24: 0 | I24: 0
A25: Coal | B25: JBD_EL | C25: electricity | D25: 0 | E25: FALSE | H25: 54.187 | I25: 2877207 | J25: 0.47 | K25: 0.85 | M25: FALSE | O25: 0.125 | P25: 0.125
A26: Hydro | B26: JBD_EL | C26: electricity | D26: 77 | E26: FALSE | H26: 2 | I26: 0 | J26: 0.9 | K26: 0.3
A30: 부하
A32: 이름 | B32: 버스 | C32: 캐리어 | D32: 부하량(MW)
A33: Demand_EL | B33: JBD_EL | C33: electricity | D33: 2897.2603
A34: Demand_H | B34: JBD_H | C34: heat | D34: 409.88666
A35: Demand_H2 | B35: JBD_H2 | C35: hydrogen | D35: 26.826484
A36: Demand_EV | B36: JBD_EV | C36: EV | D36: 0
A39: 저장장치
A41: 이름 | B41: 버스 | C41: 캐리어 | D41: 저장용량(MWh) | E41: e_nom_extendable | F41: 주기적운전 | G41: 자체손실 | H41: 충전효율 | I41: 방전효율 | J41: 초기저장량 | K41: 최대저장용량 | L41: 최소잔량 | M41: 설비비용 | N41: 한계비용
A42: ESS | B42: JBD_EL | C42: electricity | D42: 0 | E42: FALSE | F42: TRUE | G42: 0.01 | H42: 0.95 | I42: 0.95 | J42: =D42*0.5 -> 0 | K42: =D42 -> 0 | M42: 1758732
A43: H2_Storage | B43: JBD_H2 | C43: hydrogen | D43: 100 | E43: FALSE | F43: TRUE | G43: 0.01 | H43: 0.95 | I43: 0.95 | J43: =D43*0.5 -> 50 | K43: =D43 -> 100 | M43: 82939
A44: H_Storage | B44: JBD_H | C44: heat | D44: 100 | E44: FALSE | F44: TRUE | G44: 0.01 | H44: 0.95 | I44: 0.95 | J44: =D44*0.5 -> 50 | K44: =D44 -> 100 | M44: 64327
A45: Pumped | B45: JBD_EL | C45: electricity | D45: 600 | E45: FALSE | F45: TRUE | G45: 0.01 | H45: 0.95 | I45: 0.95 | J45: =D45*0.5 -> 300 | K45: =D45 -> 600 | M45: 2548456 | N45: 707
A46: EV_DSM | B46: JBD_EV | C46: EV | D46: 0 | E46: FALSE | F46: TRUE | G46: 0.01 | H46: 0.95 | I46: 0.95 | J46: =D46*0.5 -> 0 | K46: =D46 -> 0 | L46: 0.3
A50: 링크
A52: 이름 | B52: 시작버스 | C52: 종료버스 | D52: 버스2 | E52: 버스3 | F52: 효율0 | G52: 효율1 | H52: 효율2 | I52: 효율3 | J52: 정격용량(MW) | K52: 용량확장가능 | L52: 최소용량(MW) | M52: 최대용량(MW) | N52: 설비비용 | O52: 한계비용
A53: Electrolyser | B53: JBD_EL | C53: JBD_H2 | F53: 0.7 | J53: 0 | K53: FALSE | M53: 1000 | N53: 1189914 | O53: 0
A54: HP | B54: JBD_EL | C54: JBD_H | F54: 3 | J54: 0 | K54: FALSE | M54: 400 | N54: 1311343 | O54: 10
A55: CHP | B55: JBD_LNG | C55: JBD_EL | D55: JBD_H | F55: 0.5 | H55: 0.4 | J55: 445 | K55: FALSE | N55: 1604147.1 | O55: 63.574
A56: EV_Charger | B56: JBD_EL | C56: JBD_EV | F56: 0.95 | J56: 0 | K56: FALSE | N56: 0 | O56: 20
A57: EV_V2G | B57: JBD_EV | C57: JBD_EL | F57: 0.95 | J57: 0 | K57: FALSE | N57: 0 | O57: 20
A58: H2F | B58: JBD_H2 | C58: JBD_EL | D58: JBD_H | F58: 0.5 | H58: 0.4 | J58: 0 | K58: FALSE | N58: 3761636 | O58: 10

Sheet 지역_JJD
A1: 제주특별자치도 에너지시스템 입력
F3: 입력 완료 후 선택: | G3: 추가 지역 입력 | H3: 저장
A7: 버스
A9: 이름 | B9: 전압(kV) | C9: 캐리어 | D9: X좌표 | E9: Y좌표
A11: JJD_H2 | B11: 1 | C11: hydrogen
A12: JJD_H | B12: 1 | C12: heat
A13: JJD_LNG | B13: 1 | C13: gas
A14: JJD_EV | B14: 1 | C14: EV
A17: 발전기
A19: 이름 | B19: 버스 | C19: 캐리어 | D19: 정격용량(MW) | E19: 용량확장가능 | F19: 최소용량(MW) | G19: 최대용량(MW) | H19: 한계비용 | I19: 설비비용 | J19: 효율 | K19: 최대출력비율 | L19: 기동정지가능 | M19: committable | N19: p_min_pu | O19: ramp_limit_up | P19: ramp_limit_down
A20: PV | B20: JJD_EL | C20: solar | D20: 478 | E20: FALSE | G20: =D20*개발노트!$I$111 -> 1434 | H20: 2 | I20: 840601 | K20: 0.6
A21: WT | B21: JJD_EL | C21: wind | D21: 340 | E21: FALSE | G21: =D21*개발노트!$I$111 -> 1020 | H21: 4 | I21: 4712626 | K21: 0.7
A22: LNG | B22: JJD_EL | C22: electricity | D22: 492 | E22: FALSE | H22: 63.574 | I22: 2021803 | J22: 0.54 | M22: FALSE | O22: 0.25 | P22: 0.25
A23: Nuclear | B23: JJD_EL | C23: electricity | D23: 0 | E23: FALSE | H23: 6 | I23: 7718412 | J23: 0.8 | K23: 0.85 | N23: 0.8
H24: 0 | I24: 0
A25: Coal | B25: JJD_EL | C25: electricity | D25: 0 | E25: FALSE | H25: 54.187 | I25: 2877207 | J25: 0.47 | K25: 0.85 | M25: FALSE | O25: 0.125 | P25: 0.125
A26: Hydro | B26: JJD_EL | C26: electricity | D26: 0 | E26: FALSE | H26: 2 | I26: 0 | J26: 0.9 | K26: 0.3
A30: 부하
A32: 이름 | B32: 버스 | C32: 캐리어 | D32: 부하량(MW)
A33: Demand_EL | B33: JJD_EL | C33: electricity | D33: 801.36986
A34: Demand_H | B34: JJD_H | C34: heat | D34: 30.072375
A35: Demand_H2 | B35: JJD_H2 | C35: hydrogen | D35: 7.4200913
A36: Demand_EV | B36: JJD_EV | C36: EV | D36: 0
A39: 저장장치
A41: 이름 | B41: 버스 | C41: 캐리어 | D41: 저장용량(MWh) | E41: e_nom_extendable | F41: 주기적운전 | G41: 자체손실 | H41: 충전효율 | I41: 방전효율 | J41: 초기저장량 | K41: 최대저장용량 | L41: 최소잔량 | M41: 설비비용 | N41: 한계비용
A42: ESS | B42: JJD_EL | C42: electricity | D42: 0 | E42: FALSE | F42: TRUE | G42: 0.01 | H42: 0.95 | I42: 0.95 | J42: =D42*0.5 -> 0 | K42: =D42 -> 0 | M42: 1758732
A43: H2_Storage | B43: JJD_H2 | C43: hydrogen | D43: 100 | E43: FALSE | F43: TRUE | G43: 0.01 | H43: 0.95 | I43: 0.95 | J43: =D43*0.5 -> 50 | K43: =D43 -> 100 | M43: 82939
A44: H_Storage | B44: JJD_H | C44: heat | D44: 100 | E44: FALSE | F44: TRUE | G44: 0.01 | H44: 0.95 | I44: 0.95 | J44: =D44*0.5 -> 50 | K44: =D44 -> 100 | M44: 64327
A45: EV_DSM | B45: JJD_EV | C45: EV | D45: 0 | E45: FALSE | F45: TRUE | G45: 0.01 | H45: 0.95 | I45: 0.95 | J45: =D45*0.5 -> 0 | K45: =D45 -> 0 | L45: 0.3
A50: 링크
A52: 이름 | B52: 시작버스 | C52: 종료버스 | D52: 버스2 | E52: 버스3 | F52: 효율0 | G52: 효율1 | H52: 효율2 | I52: 효율3 | J52: 정격용량(MW) | K52: 용량확장가능 | L52: 최소용량(MW) | M52: 최대용량(MW) | N52: 설비비용 | O52: 한계비용
A53: Electrolyser | B53: JJD_EL | C53: JJD_H2 | F53: 0.7 | J53: 0 | K53: FALSE | M53: 1000 | N53: 1189914 | O53: 0
A54: HP | B54: JJD_EL | C54: JJD_H | F54: 3 | J54: 0 | K54: FALSE | M54: 200 | N54: 1311343 | O54: 10
A55: CHP | B55: JJD_LNG | C55: JJD_EL | D55: JJD_H | F55: 0.5 | H55: 0.4 | J55: 0 | K55: FALSE | N55: 1604147.1 | O55: 63.574
A56: EV_Charger | B56: JJD_EL | C56: JJD_EV | F56: 0.95 | J56: 0 | K56: FALSE | N56: 0 | O56: 20
A57: EV_V2G | B57: JJD_EV | C57: JJD_EL | F57: 0.95 | J57: 0 | K57: FALSE | N57: 0 | O57: 20

Sheet 지역_JND
A1: 전라남도 에너지시스템 입력
F3: 입력 완료 후 선택: | G3: 추가 지역 입력 | H3: 저장
A7: 버스
A9: 이름 | B9: 전압(kV) | C9: 캐리어 | D9: X좌표 | E9: Y좌표
A11: JND_H2 | B11: 1 | C11: hydrogen
A12: JND_H | B12: 1 | C12: heat
A13: JND_LNG | B13: 1 | C13: gas
A14: JND_EV | B14: 1 | C14: EV
A17: 발전기
A19: 이름 | B19: 버스 | C19: 캐리어 | D19: 정격용량(MW) | E19: 용량확장가능 | F19: 최소용량(MW) | G19: 최대용량(MW) | H19: 한계비용 | I19: 설비비용 | J19: 효율 | K19: 최대출력비율 | L19: 기동정지가능 | M19: committable | N19: p_min_pu | O19: ramp_limit_up | P19: ramp_limit_down
A20: PV | B20: JND_EL | C20: solar | D20: 6646 | E20: FALSE | G20: =D20*개발노트!$I$111 -> 19938 | H20: 2 | I20: 840601 | K20: 0.6
A21: WT | B21: JND_EL | C21: wind | D21: 480 | E21: FALSE | G21: =D21*개발노트!$I$111 -> 1440 | H21: 4 | I21: 4712626 | K21: 0.7
A22: LNG | B22: JND_EL | C22: electricity | D22: 2378 | E22: FALSE | H22: 63.574 | I22: 2021803 | J22: 0.54 | M22: FALSE | O22: 0.25 | P22: 0.25
A23: Nuclear | B23: JND_EL | C23: electricity | D23: 5900 | E23: FALSE | H23: 6 | I23: 7718412 | J23: 0.8 | K23: 0.85 | N23: 0.8
H24: 0 | I24: 0
A25: Coal | B25: JND_EL | C25: electricity | D25: 668 | E25: FALSE | H25: 54.187 | I25: 2877207 | J25: 0.47 | K25: 0.85 | M25: FALSE | O25: 0.125 | P25: 0.125
A26: Hydro | B26: JND_EL | C26: electricity | D26: 38 | E26: FALSE | H26: 2 | I26: 0 | J26: 0.9 | K26: 0.3
A30: 부하
A32: 이름 | B32: 버스 | C32: 캐리어 | D32: 부하량(MW)
A33: Demand_EL | B33: JND_EL | C33: electricity | D33: 2958.9041
A34: Demand_H | B34: JND_H | C34: heat | D34: 312.14238
A35: Demand_H2 | B35: JND_H2 | C35: hydrogen | D35: 27.39726
A36: Demand_EV | B36: JND_EV | C36: EV | D36: 0
A39: 저장장치
A41: 이름 | B41: 버스 | C41: 캐리어 | D41: 저장용량(MWh) | E41: e_nom_extendable | F41: 주기적운전 | G41: 자체손실 | H41: 충전효율 | I41: 방전효율 | J41: 초기저장량 | K41: 최대저장용량 | L41: 최소잔량 | M41: 설비비용 | N41: 한계비용
A42: ESS | B42: JND_EL | C42: electricity | D42: 0 | E42: FALSE | F42: TRUE | G42: 0.01 | H42: 0.95 | I42: 0.95 | J42: =D42*0.5 -> 0 | K42: =D42 -> 0 | M42: 1758732
A43: H2_Storage | B43: JND_H2 | C43: hydrogen | D43: 100 | E43: FALSE | F43: TRUE | G43: 0.01 | H43: 0.95 | I43: 0.95 | J43: =D43*0.5 -> 50 | K43: =D43 -> 100 | M43: 82939
A44: H_Storage | B44: JND_H | C44: heat | D44: 100 | E44: FALSE | F44: TRUE | G44: 0.01 | H44: 0.95 | I44: 0.95 | J44: =D44*0.5 -> 50 | K44: =D44 -> 100 | M44: 64327
A45: EV_DSM | B45: JND_EV | C45: EV | D45: 0 | E45: FALSE | F45: TRUE | G45: 0.01 | H45: 0.95 | I45: 0.95 | J45: =D45*0.5 -> 0 | K45: =D45 -> 0 | L45: 0.3
A46: Pumped | B46: JND_EL | C46: electricity | D46: 0 | E46: FALSE | F46: TRUE | G46: 0.01 | H46: 0.95 | I46: 0.95 | J46: =D46*0.5 -> 0 | K46: =D46 -> 0 | M46: 2548456 | N46: 707
A50: 링크
A52: 이름 | B52: 시작버스 | C52: 종료버스 | D52: 버스2 | E52: 버스3 | F52: 효율0 | G52: 효율1 | H52: 효율2 | I52: 효율3 | J52: 정격용량(MW) | K52: 용량확장가능 | L52: 최소용량(MW) | M52: 최대용량(MW) | N52: 설비비용 | O52: 한계비용
A53: Electrolyser | B53: JND_EL | C53: JND_H2 | F53: 0.7 | J53: 0 | K53: FALSE | M53: 1000 | N53: 1189914 | O53: 0
A54: HP | B54: JND_EL | C54: JND_H | F54: 3 | J54: 0 | K54: FALSE | M54: 500 | N54: 1311343 | O54: 10
A55: CHP | B55: JND_LNG | C55: JND_EL | D55: JND_H | F55: 0.5 | H55: 0.4 | J55: 312 | K55: FALSE | N55: 1604147.1 | O55: 63.574
A56: EV_Charger | B56: JND_EL | C56: JND_EV | F56: 0.95 | J56: 0 | K56: FALSE | N56: 0 | O56: 20
A57: EV_V2G | B57: JND_EV | C57: JND_EL | F57: 0.95 | J57: 0 | K57: FALSE | N57: 0 | O57: 20
A58: H2F | B58: JND_H2 | C58: JND_EL | D58: JND_H | F58: 0.5 | H58: 0.4 | J58: 0 | K58: FALSE | N58: 3761636 | O58: 10

Sheet 지역_SEL
A1: 서울특별시 에너지시스템 입력
F3: 입력 완료 후 선택: | G3: 추가 지역 입력 | H3: 저장
A7: 버스
A9: 이름 | B9: 전압(kV) | C9: 캐리어 | D9: X좌표 | E9: Y좌표
A11: SEL_H2 | B11: 1 | C11: hydrogen
A12: SEL_H | B12: 1 | C12: heat
A13: SEL_LNG | B13: 1 | C13: gas
A14: SEL_EV | B14: 1 | C14: EV
A17: 발전기
A19: 이름 | B19: 버스 | C19: 캐리어 | D19: 정격용량(MW) | E19: 용량확장가능 | F19: 최소용량(MW) | G19: 최대용량(MW) | H19: 한계비용 | I19: 설비비용 | J19: 효율 | K19: 최대출력비율 | L19: 기동정지가능 | M19: committable | N19: p_min_pu | O19: ramp_limit_up | P19: ramp_limit_down
A20: PV | B20: SEL_EL | C20: solar | D20: 323 | E20: FALSE | G20: =D20*개발노트!$I$111 -> 969 | H20: 2 | I20: 840601 | K20: 0.6
A21: WT | B21: SEL_EL | C21: wind | D21: 0 | E21: FALSE | G21: =D21*개발노트!$I$111 -> 0 | H21: 4 | I21: 4712626 | K21: 0.7
A22: LNG | B22: SEL_EL | C22: electricity | D22: 738 | E22: FALSE | H22: 63.574 | I22: 2021803 | J22: 0.54 | M22: FALSE | O22: 0.25 | P22: 0.25
A23: Nuclear | B23: SEL_EL | C23: electricity | D23: 0 | E23: FALSE | H23: 6 | I23: 7718412 | J23: 0.8 | K23: 0.85 | N23: 0.8
A24: slack | B24: SEL_EL | C24: electricity | D24: 9000 | E24: FALSE | H24: 300 | I24: 0
A25: Coal | B25: SEL_EL | C25: electricity | D25: 0 | E25: FALSE | H25: 54.187 | I25: 2877207 | J25: 0.47 | K25: 0.85 | M25: FALSE | O25: 0.125 | P25: 0.125
A26: Hydro | B26: SEL_EL | C26: electricity | D26: 0 | E26: FALSE | H26: 2 | I26: 0 | J26: 0.9 | K26: 0.3
A30: 부하
A32: 이름 | B32: 버스 | C32: 캐리어 | D32: 부하량(MW)
A33: Demand_EL | B33: SEL_EL | C33: electricity | D33: 6780.8219
A34: Demand_H | B34: SEL_H | C34: heat | D34: 2471.3078
A35: Demand_H2 | B35: SEL_H2 | C35: hydrogen | D35: 62.785388
A36: Demand_EV | B36: SEL_EV | C36: EV | D36: 0
A39: 저장장치
A41: 이름 | B41: 버스 | C41: 캐리어 | D41: 저장용량(MWh) | E41: e_nom_extendable | F41: 주기적운전 | G41: 자체손실 | H41: 충전효율 | I41: 방전효율 | J41: 초기저장량 | K41: 최대저장용량 | L41: 최소잔량 | M41: 설비비용 | N41: 한계비용
A42: ESS | B42: SEL_EL | C42: electricity | D42: 0 | E42: FALSE | F42: TRUE | G42: 0.01 | H42: 0.95 | I42: 0.95 | J42: =D42*0.5 -> 0 | K42: =D42 -> 0 | M42: 1758732
A43: H2_Storage | B43: SEL_H2 | C43: hydrogen | D43: 100 | E43: FALSE | F43: TRUE | G43: 0.01 | H43: 0.95 | I43: 0.95 | J43: =D43*0.5 -> 50 | K43: =D43 -> 100 | M43: 82939
A44: H_Storage | B44: SEL_H | C44: heat | D44: 100 | E44: FALSE | F44: TRUE | G44: 0.01 | H44: 0.95 | I44: 0.95 | J44: =D44*0.5 -> 50 | K44: =D44 -> 100 | M44: 64327
D45: 0
A46: EV_DSM | B46: SEL_EV | C46: EV | D46: 0 | E46: FALSE | F46: TRUE | G46: 0.01 | H46: 0.95 | I46: 0.95 | J46: =D46*0.5 -> 0 | K46: =D46 -> 0 | L46: 0.3
A50: 링크
A52: 이름 | B52: 시작버스 | C52: 종료버스 | D52: 버스2 | E52: 버스3 | F52: 효율0 | G52: 효율1 | H52: 효율2 | I52: 효율3 | J52: 정격용량(MW) | K52: 용량확장가능 | L52: 최소용량(MW) | M52: 최대용량(MW) | N52: 설비비용 | O52: 한계비용
A53: Electrolyser | B53: SEL_EL | C53: SEL_H2 | F53: 0.7 | J53: 0 | K53: FALSE | M53: 1000 | N53: 1189914 | O53: 0
A54: HP | B54: SEL_EL | C54: SEL_H | F54: 3 | J54: 0 | K54: FALSE | M54: 1000 | N54: 1311343 | O54: 10
A55: CHP | B55: SEL_LNG | C55: SEL_EL | D55: SEL_H | F55: 0.5 | H55: 0 | J55: 64 | K55: FALSE | N55: 1604147.1 | O55: 63.574
A56: EV_Charger | B56: SEL_EL | C56: SEL_EV | F56: 0.95 | J56: 0 | K56: FALSE | N56: 0 | O56: 20
A57: EV_V2G | B57: SEL_EV | C57: SEL_EL | F57: 0.95 | J57: 0 | K57: FALSE | N57: 0 | O57: 20

Sheet 지역_SJN
A1: 세종특별자치시 에너지시스템 입력
F3: 입력 완료 후 선택: | G3: 추가 지역 입력 | H3: 저장
A7: 버스
A9: 이름 | B9: 전압(kV) | C9: 캐리어 | D9: X좌표 | E9: Y좌표
A11: SJN_H2 | B11: 1 | C11: hydrogen
A12: SJN_H | B12: 1 | C12: heat
A13: SJN_LNG | B13: 1 | C13: gas
A14: SJN_EV | B14: 1 | C14: EV
A17: 발전기
A19: 이름 | B19: 버스 | C19: 캐리어 | D19: 정격용량(MW) | E19: 용량확장가능 | F19: 최소용량(MW) | G19: 최대용량(MW) | H19: 한계비용 | I19: 설비비용 | J19: 효율 | K19: 최대출력비율 | L19: 기동정지가능 | M19: committable | N19: p_min_pu | O19: ramp_limit_up | P19: ramp_limit_down
A20: PV | B20: SJN_EL | C20: solar | D20: 239 | E20: FALSE | G20: =D20*개발노트!$I$111 -> 717 | H20: 2 | I20: 840601 | K20: 0.6
A21: WT | B21: SJN_EL | C21: wind | D21: 0 | E21: FALSE | G21: =D21*개발노트!$I$111 -> 0 | H21: 4 | I21: 4712626 | K21: 0.7
A22: LNG | B22: SJN_EL | C22: electricity | D22: 0 | E22: FALSE | H22: 63.574 | I22: 2021803 | J22: 0.54 | M22: FALSE | O22: 0.25 | P22: 0.25
A23: Nuclear | B23: SJN_EL | C23: electricity | D23: 0 | E23: FALSE | H23: 6 | I23: 7718412 | J23: 0.8 | K23: 0.85 | N23: 0.8
A24: slack | B24: SJN_EL | C24: electricity | D24: 500 | E24: FALSE | H24: 300 | I24: 0
A25: Coal | B25: SJN_EL | C25: electricity | D25: 0 | E25: FALSE | H25: 54.187 | I25: 2877207 | J25: 0.47 | K25: 0.85 | M25: FALSE | O25: 0.125 | P25: 0.125
A26: Hydro | B26: SJN_EL | C26: electricity | D26: 0 | E26: FALSE | H26: 2 | I26: 0 | J26: 0.9 | K26: 0.3
A30: 부하
A32: 이름 | B32: 버스 | C32: 캐리어 | D32: 부하량(MW)
A33: Demand_EL | B33: SJN_EL | C33: electricity | D33: 678.08219
A34: Demand_H | B34: SJN_H | C34: heat | D34: 24.489593
A35: Demand_H2 | B35: SJN_H2 | C35: hydrogen | D35: 6.2785388
A36: Demand_EV | B36: SJN_EV | C36: EV | D36: 0
A39: 저장장치
A41: 이름 | B41: 버스 | C41: 캐리어 | D41: 저장용량(MWh) | E41: e_nom_extendable | F41: 주기적운전 | G41: 자체손실 | H41: 충전효율 | I41: 방전효율 | J41: 초기저장량 | K41: 최대저장용량 | L41: 최소잔량 | M41: 설비비용 | N41: 한계비용
A42: ESS | B42: SJN_EL | C42: electricity | D42: 0 | E42: FALSE | F42: TRUE | G42: 0.01 | H42: 0.95 | I42: 0.95 | J42: =D42*0.5 -> 0 | K42: =D42 -> 0 | M42: 1758732
A43: H2_Storage | B43: SJN_H2 | C43: hydrogen | D43: 100 | E43: FALSE | F43: TRUE | G43: 0.01 | H43: 0.95 | I43: 0.95 | J43: =D43*0.5 -> 50 | K43: =D43 -> 100 | M43: 82939
A44: H_Storage | B44: SJN_H | C44: heat | D44: 100 | E44: FALSE | F44: TRUE | G44: 0.01 | H44: 0.95 | I44: 0.95 | J44: =D44*0.5 -> 50 | K44: =D44 -> 100 | M44: 64327
A45: EV_DSM | B45: SJN_EV | C45: EV | D45: 0 | E45: FALSE | F45: TRUE | G45: 0.01 | H45: 0.95 | I45: 0.95 | J45: =D45*0.5 -> 0 | K45: =D45 -> 0 | L45: 0.3
A50: 링크
A52: 이름 | B52: 시작버스 | C52: 종료버스 | D52: 버스2 | E52: 버스3 | F52: 효율0 | G52: 효율1 | H52: 효율2 | I52: 효율3 | J52: 정격용량(MW) | K52: 용량확장가능 | L52: 최소용량(MW) | M52: 최대용량(MW) | N52: 설비비용 | O52: 한계비용
A53: Electrolyser | B53: SJN_EL | C53: SJN_H2 | F53: 0.7 | J53: 0 | K53: FALSE | M53: 1000 | N53: 1189914 | O53: 0
A54: HP | B54: SJN_EL | C54: SJN_H | F54: 3 | J54: 0 | K54: FALSE | M54: 200 | N54: 1311343 | O54: 10
A55: CHP | B55: SJN_LNG | C55: SJN_EL | D55: SJN_H | F55: 0.5 | H55: 0.4 | J55: 1127 | K55: FALSE | N55: 1604147.1 | O55: 63.574
A56: EV_Charger | B56: SJN_EL | C56: SJN_EV | F56: 0.95 | J56: 0 | K56: FALSE | N56: 0 | O56: 20
A57: EV_V2G | B57: SJN_EV | C57: SJN_EL | F57: 0.95 | J57: 0 | K57: FALSE | N57: 0 | O57: 20

Sheet 지역_USN
A1: 울산광역시 에너지시스템 입력
F3: 입력 완료 후 선택: | G3: 추가 지역 입력 | H3: 저장
A7: 버스
A9: 이름 | B9: 전압(kV) | C9: 캐리어 | D9: X좌표 | E9: Y좌표
A11: USN_H2 | B11: 1 | C11: hydrogen
A12: USN_H | B12: 1 | C12: heat
A13: USN_LNG | B13: 1 | C13: gas
A14: USN_EV | B14: 1 | C14: EV
A17: 발전기
A19: 이름 | B19: 버스 | C19: 캐리어 | D19: 정격용량(MW) | E19: 용량확장가능 | F19: 최소용량(MW) | G19: 최대용량(MW) | H19: 한계비용 | I19: 설비비용 | J19: 효율 | K19: 최대출력비율 | L19: 기동정지가능 | M19: committable | N19: p_min_pu | O19: ramp_limit_up | P19: ramp_limit_down
A20: PV | B20: USN_EL | C20: solar | D20: 669 | E20: FALSE | G20: =D20*개발노트!$I$111 -> 2007 | H20: 2 | I20: 840601 | K20: 0.6
A21: WT | B21: USN_EL | C21: wind | D21: 0 | E21: FALSE | G21: =D21*개발노트!$I$111 -> 0 | H21: 4 | I21: 4712626 | K21: 0.7
A22: LNG | B22: USN_EL | C22: electricity | D22: 3619 | E22: FALSE | H22: 63.574 | I22: 2021803 | J22: 0.54 | M22: FALSE | O22: 0.25 | P22: 0.25
A23: Nuclear | B23: USN_EL | C23: electricity | D23: 2800 | E23: FALSE | H23: 6 | I23: 7718412 | J23: 0.8 | K23: 0.85 | N23: 0.8
H24: 0 | I24: 0
A25: Coal | B25: USN_EL | C25: electricity | D25: 0 | E25: FALSE | H25: 54.187 | I25: 2877207 | J25: 0.47 | K25: 0.85 | M25: FALSE | O25: 0.125 | P25: 0.125
A26: Hydro | B26: USN_EL | C26: electricity | D26: 0 | E26: FALSE | H26: 2 | I26: 0 | J26: 0.9 | K26: 0.3
A30: 부하
A32: 이름 | B32: 버스 | C32: 캐리어 | D32: 부하량(MW)
A33: Demand_EL | B33: USN_EL | C33: electricity | D33: 3575.3425
A34: Demand_H | B34: USN_H | C34: heat | D34: 346.02437
A35: Demand_H2 | B35: USN_H2 | C35: hydrogen | D35: 33.105023
A36: Demand_EV | B36: USN_EV | C36: EV | D36: 0
A39: 저장장치
A41: 이름 | B41: 버스 | C41: 캐리어 | D41: 저장용량(MWh) | E41: e_nom_extendable | F41: 주기적운전 | G41: 자체손실 | H41: 충전효율 | I41: 방전효율 | J41: 초기저장량 | K41: 최대저장용량 | L41: 최소잔량 | M41: 설비비용 | N41: 한계비용
A42: ESS | B42: USN_EL | C42: electricity | D42: 0 | E42: FALSE | F42: TRUE | G42: 0.01 | H42: 0.95 | I42: 0.95 | J42: =D42*0.5 -> 0 | K42: =D42 -> 0 | M42: 1758732
A43: H2_Storage | B43: USN_H2 | C43: hydrogen | D43: 100 | E43: FALSE | F43: TRUE | G43: 0.01 | H43: 0.95 | I43: 0.95 | J43: =D43*0.5 -> 50 | K43: =D43 -> 100 | M43: 82939
A44: H_Storage | B44: USN_H | C44: heat | D44: 100 | E44: FALSE | F44: TRUE | G44: 0.01 | H44: 0.95 | I44: 0.95 | J44: =D44*0.5 -> 50 | K44: =D44 -> 100 | M44: 64327
A45: EV_DSM | B45: USN_EV | C45: EV | D45: 0 | E45: FALSE | F45: TRUE | G45: 0.01 | H45: 0.95 | I45: 0.95 | J45: =D45*0.5 -> 0 | K45: =D45 -> 0 | L45: 0.3
A50: 링크
A52: 이름 | B52: 시작버스 | C52: 종료버스 | D52: 버스2 | E52: 버스3 | F52: 효율0 | G52: 효율1 | H52: 효율2 | I52: 효율3 | J52: 정격용량(MW) | K52: 용량확장가능 | L52: 최소용량(MW) | M52: 최대용량(MW) | N52: 설비비용 | O52: 한계비용
A53: Electrolyser | B53: USN_EL | C53: USN_H2 | F53: 0.7 | J53: 0 | K53: FALSE | M53: 1000 | N53: 1189914 | O53: 0
A54: HP | B54: USN_EL | C54: USN_H | F54: 3 | J54: 0 | K54: FALSE | M54: 500 | N54: 1311343 | O54: 10
A55: CHP | B55: USN_LNG | C55: USN_EL | D55: USN_H | F55: 0.5 | H55: 0.4 | J55: 0 | K55: FALSE | N55: 1604147.1 | O55: 63.574
A56: H2F | B56: USN_H2 | C56: USN_EL | D56: USN_H | F56: 0.5 | H56: 0.4 | J56: 0 | K56: FALSE | N56: 3761636 | O56: 10
A57: EV_Charger | B57: USN_EL | C57: USN_EV | F57: 0.95 | J57: 0 | K57: FALSE | N57: 0 | O57: 20
A58: EV_V2G | B58: USN_EV | C58: USN_EL | F58: 0.95 | J58: 0 | K58: FALSE | N58: 0 | O58: 20

Sheet all_buses
A1: bus_id | B1: name | C1: carrier | D1: v_nom | E1: x | F1: y | G1: province | H1: region_code
A2: 0 | B2: bus_GWD_000 | C2: electricity | D2: 765000 | E2: 128.96225 | F2: 37.256079 | G2: 강원 | H2: GWD
A3: 1 | B3: bus_GGD_001 | C3: electricity | D3: 765000 | E3: 127.50482 | F3: 37.618962 | G3: 경기 | H3: GGD
A4: 2 | B4: bus_GND_002 | C4: electricity | D4: 345000 | E4: 128.42852 | F4: 35.931725 | G4: 경남 | H4: GND
A5: 3 | B5: bus_DGU_003 | C5: electricity | D5: 154000 | E5: 128.63439 | F5: 35.82569 | G5: 대구 | H5: DGU
A6: 4 | B6: bus_DJN_004 | C6: electricity | D6: 345000 | E6: 127.37407 | F6: 36.459528 | G6: 대전 | H6: DJN
A7: 5 | B7: bus_CBD_005 | C7: electricity | D7: 345000 | E7: 127.3391 | F7: 36.950111 | G7: 충북 | H7: CBD
A8: 6 | B8: bus_GGD_006 | C8: electricity | D8: 154000 | E8: 127.24509 | F8: 37.022152 | G8: 경기 | H8: GGD
A9: 7 | B9: bus_GGD_007 | C9: electricity | D9: 345000 | E9: 127.04984 | F9: 37.029213 | G9: 경기 | H9: GGD
A10: 8 | B10: bus_CND_008 | C10: electricity | D10: 345000 | E10: 126.78775 | F10: 36.466552 | G10: 충남 | H10: CND
A11: 9 | B11: bus_CND_009 | C11: electricity | D11: 345000 | E11: 127.00809 | F11: 36.869786 | G11: 충남 | H11: CND
A12: 10 | B12: bus_CBD_010 | C12: electricity | D12: 345000 | E12: 127.53138 | F12: 36.294383 | G12: 충북 | H12: CBD
A13: 11 | B13: bus_CBD_011 | C13: electricity | D13: 765000 | E13: 127.35234 | F13: 36.756685 | G13: 충북 | H13: CBD
... A419: 417 | B419: bus_JND_417 | C419: electricity | D419: 250000 | E419: 126.18759 | F419: 34.385753 | G419: 전남 | H419: JND

Sheet virtual_buses
A1: bus_id | B1: name | C1: carrier | D1: v_nom | E1: x | F1: y | G1: province | H1: region_code | I1: is_demand_bus
A2: 418 | B2: GWD_EL | C2: electricity | D2: 154000 | E2: 128.38477 | F2: 37.660174 | G2: 강원 | H2: GWD | I2: TRUE
A3: 419 | B3: GGD_EL | C3: electricity | D3: 154000 | E3: 127.19577 | F3: 37.485252 | G3: 경기 | H3: GGD | I3: TRUE
A4: 420 | B4: GND_EL | C4: electricity | D4: 154000 | E4: 128.3682 | F4: 35.274279 | G4: 경남 | H4: GND | I4: TRUE
A5: 421 | B5: GBD_EL | C5: electricity | D5: 154000 | E5: 128.7689 | F5: 36.279993 | G5: 경북 | H5: GBD | I5: TRUE
A6: 422 | B6: GWJ_EL | C6: electricity | D6: 154000 | E6: 126.81376 | F6: 35.156622 | G6: 광주 | H6: GWJ | I6: TRUE
A7: 423 | B7: DGU_EL | C7: electricity | D7: 154000 | E7: 128.55691 | F7: 35.895386 | G7: 대구 | H7: DGU | I7: TRUE
A8: 424 | B8: DJN_EL | C8: electricity | D8: 154000 | E8: 127.34212 | F8: 36.357148 | G8: 대전 | H8: DJN | I8: TRUE
A9: 425 | B9: BSN_EL | C9: electricity | D9: 345000 | E9: 129.14012 | F9: 35.261209 | G9: 부산 | H9: BSN | I9: TRUE
A10: 426 | B10: SEL_EL | C10: electricity | D10: 345000 | E10: 127.00954 | F10: 37.486534 | G10: 서울 | H10: SEL | I10: TRUE
A11: 427 | B11: SJN_EL | C11: electricity | D11: 154000 | E11: 127.26194 | F11: 36.572826 | G11: 세종 | H11: SJN | I11: TRUE
A12: 428 | B12: USN_EL | C12: electricity | D12: 345000 | E12: 129.24461 | F12: 35.572107 | G12: 울산 | H12: USN | I12: TRUE
A13: 429 | B13: ICN_EL | C13: electricity | D13: 154000 | E13: 126.53632 | F13: 37.509359 | G13: 인천 | H13: ICN | I13: TRUE
... A18: 434 | B18: CBD_EL | C18: electricity | D18: 154000 | E18: 127.71223 | F18: 36.800712 | G18: 충북 | H18: CBD | I18: TRUE

Sheet lines
A1: name | B1: bus0 | C1: bus1 | D1: bus0_id | E1: bus1_id | F1: length | G1: r | H1: x | I1: b | J1: s_nom | K1: circuits | L1: v_nom | M1: is_internal
A2: line_0_1 | B2: bus_GWD_000 | C2: bus_GGD_001 | D2: 0 | E2: 1 | F2: 185.05217 | G2: 9.2526087 | H2: 46.263044 | I2: 0 | J2: 3500 | K2: 1 | L2: 765000 | M2: FALSE
A3: line_3_3 | B3: bus_DGU_003 | C3: bus_DGU_003 | D3: 3 | E3: 3 | F3: 7.1448126 | G3: 0.35724063 | H3: 1.7862032 | I3: 0 | J3: 150 | K3: 1 | L3: 154000 | M3: FALSE
A4: line_51_4 | B4: bus_DJN_051 | C4: bus_DJN_004 | D4: 51 | E4: 4 | F4: 4.3598306 | G4: 0.21799153 | H4: 1.0899576 | I4: 0 | J4: 150 | K4: 1 | L4: 154000 | M4: FALSE
A5: line_5_6 | B5: bus_CBD_005 | C5: bus_GGD_006 | D5: 5 | E5: 6 | F5: 13.248382 | G5: 0.6624191 | H5: 3.3120955 | I5: 0 | J5: 150 | K5: 1 | L5: 154000 | M5: FALSE
A6: line_6_7 | B6: bus_GGD_006 | C6: bus_GGD_007 | D6: 6 | E6: 7 | F6: 16.358425 | G6: 0.81792123 | H6: 4.0896061 | I6: 0 | J6: 150 | K6: 1 | L6: 154000 | M6: FALSE
A7: line_8_9 | B7: bus_CND_008 | C7: bus_CND_009 | D7: 8 | E7: 9 | F7: 52.563207 | G7: 2.6281603 | H7: 13.140802 | I7: 0 | J7: 800 | K7: 1 | L7: 345000 | M7: FALSE
A8: line_8_10 | B8: bus_CND_008 | C8: bus_CBD_010 | D8: 8 | E8: 10 | F8: 93.084161 | G8: 4.654208 | H8: 23.27104 | I8: 0 | J8: 800 | K8: 1 | L8: 345000 | M8: FALSE
A9: line_11_12 | B9: bus_CBD_011 | C9: bus_CND_012 | D9: 11 | E9: 12 | F9: 103.70889 | G9: 5.1854447 | H9: 25.927223 | I9: 0 | J9: 3500 | K9: 1 | L9: 765000 | M9: FALSE
A10: line_13_14 | B10: bus_GWD_013 | C10: bus_GWD_014 | D10: 13 | E10: 14 | F10: 12.323903 | G10: 0.61619515 | H10: 3.0809757 | I10: 0 | J10: 150 | K10: 1 | L10: 154000 | M10: FALSE
A11: line_15_16 | B11: bus_CND_015 | C11: bus_CND_016 | D11: 15 | E11: 16 | F11: 75.688837 | G11: 3.7844418 | H11: 18.922209 | I11: 0 | J11: 800 | K11: 1 | L11: 345000 | M11: FALSE
A12: line_17_18 | B12: bus_CND_017 | C12: bus_CND_018 | D12: 17 | E12: 18 | F12: 26.147204 | G12: 1.3073602 | H12: 6.536801 | I12: 0 | J12: 150 | K12: 1 | L12: 154000 | M12: FALSE
A13: line_18_19 | B13: bus_CND_018 | C13: bus_CND_019 | D13: 18 | E13: 19 | F13: 9.0837711 | G13: 0.45418855 | H13: 2.2709428 | I13: 0 | J13: 150 | K13: 1 | L13: 154000 | M13: FALSE
... A3525: line_417_430 | B3525: bus_JND_417 | C3525: JND_EL | D3525: 417 | E3525: 430 | F3525: 92.164546 | G3525: 4.6082273 | H3525: 23.041137 | I3525: 0 | J3525: 400 | K3525: 1 | L3525: 250000 | M3525: TRUE

Sheet 지역간 연결
A1: name | B1: bus0 | C1: bus1 | D1: bus0_id | E1: bus1_id | F1: length | G1: r | H1: x | I1: b | J1: s_nom | K1: circuits | L1: v_nom | M1: is_internal
A2: line_0_1 | B2: bus_GWD_000 | C2: bus_GGD_001 | D2: 0 | E2: 1 | F2: 185.05217 | G2: 9.2526087 | H2: 46.263044 | I2: 0 | J2: 3500 | K2: 1 | L2: 765000 | M2: FALSE
A3: line_3_3 | B3: bus_DGU_003 | C3: bus_DGU_003 | D3: 3 | E3: 3 | F3: 7.1448126 | G3: 0.35724063 | H3: 1.7862032 | I3: 0 | J3: 150 | K3: 1 | L3: 154000 | M3: FALSE
A4: line_51_4 | B4: bus_DJN_051 | C4: bus_DJN_004 | D4: 51 | E4: 4 | F4: 4.3598306 | G4: 0.21799153 | H4: 1.0899576 | I4: 0 | J4: 150 | K4: 1 | L4: 154000 | M4: FALSE
A5: line_5_6 | B5: bus_CBD_005 | C5: bus_GGD_006 | D5: 5 | E5: 6 | F5: 13.248382 | G5: 0.6624191 | H5: 3.3120955 | I5: 0 | J5: 150 | K5: 1 | L5: 154000 | M5: FALSE
A6: line_6_7 | B6: bus_GGD_006 | C6: bus_GGD_007 | D6: 6 | E6: 7 | F6: 16.358425 | G6: 0.81792123 | H6: 4.0896061 | I6: 0 | J6: 150 | K6: 1 | L6: 154000 | M6: FALSE
A7: line_8_9 | B7: bus_CND_008 | C7: bus_CND_009 | D7: 8 | E7: 9 | F7: 52.563207 | G7: 2.6281603 | H7: 13.140802 | I7: 0 | J7: 800 | K7: 1 | L7: 345000 | M7: FALSE
A8: line_8_10 | B8: bus_CND_008 | C8: bus_CBD_010 | D8: 8 | E8: 10 | F8: 93.084161 | G8: 4.654208 | H8: 23.27104 | I8: 0 | J8: 800 | K8: 1 | L8: 345000 | M8: FALSE
A9: line_11_12 | B9: bus_CBD_011 | C9: bus_CND_012 | D9: 11 | E9: 12 | F9: 103.70889 | G9: 5.1854447 | H9: 25.927223 | I9: 0 | J9: 3500 | K9: 1 | L9: 765000 | M9: FALSE
A10: line_13_14 | B10: bus_GWD_013 | C10: bus_GWD_014 | D10: 13 | E10: 14 | F10: 12.323903 | G10: 0.61619515 | H10: 3.0809757 | I10: 0 | J10: 150 | K10: 1 | L10: 154000 | M10: FALSE
A11: line_15_16 | B11: bus_CND_015 | C11: bus_CND_016 | D11: 15 | E11: 16 | F11: 75.688837 | G11: 3.7844418 | H11: 18.922209 | I11: 0 | J11: 800 | K11: 1 | L11: 345000 | M11: FALSE
A12: line_17_18 | B12: bus_CND_017 | C12: bus_CND_018 | D12: 17 | E12: 18 | F12: 26.147204 | G12: 1.3073602 | H12: 6.536801 | I12: 0 | J12: 150 | K12: 1 | L12: 154000 | M12: FALSE
A13: line_18_19 | B13: bus_CND_018 | C13: bus_CND_019 | D13: 18 | E13: 19 | F13: 9.0837711 | G13: 0.45418855 | H13: 2.2709428 | I13: 0 | J13: 150 | K13: 1 | L13: 154000 | M13: FALSE
... A3525: line_417_430 | B3525: bus_JND_417 | C3525: JND_EL | D3525: 417 | E3525: 430 | F3525: 92.164546 | G3525: 4.6082273 | H3525: 23.041137 | I3525: 0 | J3525: 400 | K3525: 1 | L3525: 250000 | M3525: TRUE
